"city","date","avg_single_fam_val","avg_bottom_tier","avg_HPI_2000","avg_HPI","avg_annual_change"
"Buffalo",2000-02-01,112938.75,83714.6666666667,100,170.612608695652,-2.42260869565217
"Buffalo",2000-03-01,113261.75,83912.3333333333,100,170.612608695652,-2.42260869565217
"Buffalo",2000-04-01,113475,84485.6666666667,100,170.612608695652,-2.42260869565217
"Buffalo",2000-05-01,113614.75,84883.3333333333,100,170.612608695652,-2.42260869565217
"Buffalo",2000-06-01,113798.75,71912.5,100,170.612608695652,-2.42260869565217
"Buffalo",2000-07-01,113962.75,72120.5,100,170.612608695652,-2.42260869565217
"Buffalo",2000-08-01,114059,72317,100,170.612608695652,-2.42260869565217
"Buffalo",2000-09-01,114304.25,72486.25,100,170.612608695652,-2.42260869565217
"Buffalo",2000-10-01,114419.5,72610,100,170.612608695652,-2.42260869565217
"Buffalo",2000-11-01,114854,72866,100,170.612608695652,-2.42260869565217
"Buffalo",2000-12-01,115296,73055.25,100,170.612608695652,-2.42260869565217
"Buffalo",2001-01-01,115938.75,73599.25,106.176086956522,179.843043478261,6.17608695652174
"Buffalo",2001-02-01,116722.75,74237.5,106.176086956522,179.843043478261,6.17608695652174
"Buffalo",2001-03-01,117441.5,74926.5,106.176086956522,179.843043478261,6.17608695652174
"Buffalo",2001-04-01,118261.5,75399.5,106.176086956522,179.843043478261,6.17608695652174
"Buffalo",2001-05-01,118937.25,75744.75,106.176086956522,179.843043478261,6.17608695652174
"Buffalo",2001-06-01,119652.75,76003,106.176086956522,179.843043478261,6.17608695652174
"Buffalo",2001-07-01,120110.25,76269.75,106.176086956522,179.843043478261,6.17608695652174
"Buffalo",2001-08-01,120582.25,76450.75,106.176086956522,179.843043478261,6.17608695652174
"Buffalo",2001-09-01,120738.25,76572.75,106.176086956522,179.843043478261,6.17608695652174
"Buffalo",2001-10-01,121240.25,76924.5,106.176086956522,179.843043478261,6.17608695652174
"Buffalo",2001-11-01,121636.5,77307.25,106.176086956522,179.843043478261,6.17608695652174
"Buffalo",2001-12-01,122337.5,77850,106.176086956522,179.843043478261,6.17608695652174
"Buffalo",2002-01-01,122810.75,78042.75,111.307826086957,187.122608695652,4.7904347826087
"Buffalo",2002-02-01,123183.5,78247.75,111.307826086957,187.122608695652,4.7904347826087
"Buffalo",2002-03-01,123314.5,78307.75,111.307826086957,187.122608695652,4.7904347826087
"Buffalo",2002-04-01,123422,78458,111.307826086957,187.122608695652,4.7904347826087
"Buffalo",2002-05-01,123793.25,78653,111.307826086957,187.122608695652,4.7904347826087
"Buffalo",2002-06-01,124401,78926.75,111.307826086957,187.122608695652,4.7904347826087
"Buffalo",2002-07-01,125087.25,79105.5,111.307826086957,187.122608695652,4.7904347826087
"Buffalo",2002-08-01,125668.75,79439.25,111.307826086957,187.122608695652,4.7904347826087
"Buffalo",2002-09-01,126516.25,80148,111.307826086957,187.122608695652,4.7904347826087
"Buffalo",2002-10-01,127345.25,80829,111.307826086957,187.122608695652,4.7904347826087
"Buffalo",2002-11-01,128026.5,81367,111.307826086957,187.122608695652,4.7904347826087
"Buffalo",2002-12-01,128404.25,81631,111.307826086957,187.122608695652,4.7904347826087
"Buffalo",2003-01-01,128845.75,82078,114.053043478261,192.65347826087,2.58913043478261
"Buffalo",2003-02-01,129468.5,82484.25,114.053043478261,192.65347826087,2.58913043478261
"Buffalo",2003-03-01,130181,82906.25,114.053043478261,192.65347826087,2.58913043478261
"Buffalo",2003-04-01,130981.75,83356.75,114.053043478261,192.65347826087,2.58913043478261
"Buffalo",2003-05-01,131832.25,84020.75,114.053043478261,192.65347826087,2.58913043478261
"Buffalo",2003-06-01,132632.75,84738.25,114.053043478261,192.65347826087,2.58913043478261
"Buffalo",2003-07-01,133323.75,85460.25,114.053043478261,192.65347826087,2.58913043478261
"Buffalo",2003-08-01,133852.25,85935.25,114.053043478261,192.65347826087,2.58913043478261
"Buffalo",2003-09-01,141348.8,93953.6,114.053043478261,192.65347826087,2.58913043478261
"Buffalo",2003-10-01,141756.2,94180.6,114.053043478261,192.65347826087,2.58913043478261
"Buffalo",2003-11-01,142487.2,94524,114.053043478261,192.65347826087,2.58913043478261
"Buffalo",2003-12-01,143271,94914.8,114.053043478261,192.65347826087,2.58913043478261
"Buffalo",2004-01-01,143992,94984.2,118.892173913043,201.668695652174,4.14913043478261
"Buffalo",2004-02-01,144738,94979.2,118.892173913043,201.668695652174,4.14913043478261
"Buffalo",2004-03-01,145762.2,95223.8,118.892173913043,201.668695652174,4.14913043478261
"Buffalo",2004-04-01,146890.6,95699.2,118.892173913043,201.668695652174,4.14913043478261
"Buffalo",2004-05-01,147837.4,96304.4,118.892173913043,201.668695652174,4.14913043478261
"Buffalo",2004-06-01,148746,96991.4,118.892173913043,201.668695652174,4.14913043478261
"Buffalo",2004-07-01,149899.2,97955.8,118.892173913043,201.668695652174,4.14913043478261
"Buffalo",2004-08-01,151214.6,99127.2,118.892173913043,201.668695652174,4.14913043478261
"Buffalo",2004-09-01,152479.6,100279.4,118.892173913043,201.668695652174,4.14913043478261
"Buffalo",2004-10-01,153746.2,100993.2,118.892173913043,201.668695652174,4.14913043478261
"Buffalo",2004-11-01,154921.2,101313.2,118.892173913043,201.668695652174,4.14913043478261
"Buffalo",2004-12-01,156191.2,101706,118.892173913043,201.668695652174,4.14913043478261
"Buffalo",2005-01-01,157621,102596.6,126.236956521739,213.781739130435,6.06
"Buffalo",2005-02-01,158869,103656.2,126.236956521739,213.781739130435,6.06
"Buffalo",2005-03-01,160245.4,104673,126.236956521739,213.781739130435,6.06
"Buffalo",2005-04-01,161053.166666667,104346.666666667,126.236956521739,213.781739130435,6.06
"Buffalo",2005-05-01,162655.5,105061.5,126.236956521739,213.781739130435,6.06
"Buffalo",2005-06-01,157636.285714286,105574.666666667,126.236956521739,213.781739130435,6.06
"Buffalo",2005-07-01,158586.285714286,102293.142857143,126.236956521739,213.781739130435,6.06
"Buffalo",2005-08-01,159947.714285714,102431,126.236956521739,213.781739130435,6.06
"Buffalo",2005-09-01,161227.571428571,102507.142857143,126.236956521739,213.781739130435,6.06
"Buffalo",2005-10-01,162520.428571429,102991.714285714,126.236956521739,213.781739130435,6.06
"Buffalo",2005-11-01,163794.428571429,103747.285714286,126.236956521739,213.781739130435,6.06
"Buffalo",2005-12-01,165538.285714286,104732.285714286,126.236956521739,213.781739130435,6.06
"Buffalo",2006-01-01,167048.428571429,105619.714285714,129.823636363636,225.422272727273,3.66409090909091
"Buffalo",2006-02-01,168276.714285714,106222.857142857,129.823636363636,225.422272727273,3.66409090909091
"Buffalo",2006-03-01,169154.428571429,106634.571428571,129.823636363636,225.422272727273,3.66409090909091
"Buffalo",2006-04-01,170112.714285714,107040.571428571,129.823636363636,225.422272727273,3.66409090909091
"Buffalo",2006-05-01,171157.857142857,107422.285714286,129.823636363636,225.422272727273,3.66409090909091
"Buffalo",2006-06-01,172805.285714286,108229.142857143,129.823636363636,225.422272727273,3.66409090909091
"Buffalo",2006-07-01,174690.142857143,109527.142857143,129.823636363636,225.422272727273,3.66409090909091
"Buffalo",2006-08-01,175938.285714286,110776.571428571,129.823636363636,225.422272727273,3.66409090909091
"Buffalo",2006-09-01,177127,112115.714285714,129.823636363636,225.422272727273,3.66409090909091
"Buffalo",2006-10-01,177930.428571429,112892.142857143,129.823636363636,225.422272727273,3.66409090909091
"Buffalo",2006-11-01,178460.428571429,113494.857142857,129.823636363636,225.422272727273,3.66409090909091
"Buffalo",2006-12-01,178317.428571429,113648.714285714,129.823636363636,225.422272727273,3.66409090909091
"Buffalo",2007-01-01,178556.857142857,113946.142857143,136.757826086957,229.23347826087,4.11681818181818
"Buffalo",2007-02-01,179695.857142857,114735.285714286,136.757826086957,229.23347826087,4.11681818181818
"Buffalo",2007-03-01,180667.857142857,115525.428571429,136.757826086957,229.23347826087,4.11681818181818
"Buffalo",2007-04-01,181092.571428571,115950.285714286,136.757826086957,229.23347826087,4.11681818181818
"Buffalo",2007-05-01,180894.285714286,116258.428571429,136.757826086957,229.23347826087,4.11681818181818
"Buffalo",2007-06-01,180715,116397.714285714,136.757826086957,229.23347826087,4.11681818181818
"Buffalo",2007-07-01,180363.428571429,116420.142857143,136.757826086957,229.23347826087,4.11681818181818
"Buffalo",2007-08-01,179956,115932.428571429,136.757826086957,229.23347826087,4.11681818181818
"Buffalo",2007-09-01,179663.142857143,115444.142857143,136.757826086957,229.23347826087,4.11681818181818
"Buffalo",2007-10-01,179795.428571429,115517.428571429,136.757826086957,229.23347826087,4.11681818181818
"Buffalo",2007-11-01,180468.714285714,115871.571428571,136.757826086957,229.23347826087,4.11681818181818
"Buffalo",2007-12-01,180937.285714286,116270.142857143,136.757826086957,229.23347826087,4.11681818181818
"Buffalo",2008-01-01,181063.714285714,116213.714285714,136.248260869565,231.111304347826,-0.416086956521739
"Buffalo",2008-02-01,161385.333333333,103654.222222222,136.248260869565,231.111304347826,-0.416086956521739
"Buffalo",2008-03-01,161074.666666667,103374.444444444,136.248260869565,231.111304347826,-0.416086956521739
"Buffalo",2008-04-01,160706.333333333,103198.333333333,136.248260869565,231.111304347826,-0.416086956521739
"Buffalo",2008-05-01,160399,102978.222222222,136.248260869565,231.111304347826,-0.416086956521739
"Buffalo",2008-06-01,159908.555555556,102735.666666667,136.248260869565,231.111304347826,-0.416086956521739
"Buffalo",2008-07-01,159349,102345.666666667,136.248260869565,231.111304347826,-0.416086956521739
"Buffalo",2008-08-01,158803.555555556,102108.777777778,136.248260869565,231.111304347826,-0.416086956521739
"Buffalo",2008-09-01,158014.888888889,101647.111111111,136.248260869565,231.111304347826,-0.416086956521739
"Buffalo",2008-10-01,157176.555555556,101126.888888889,136.248260869565,231.111304347826,-0.416086956521739
"Buffalo",2008-11-01,156107.444444444,100468.666666667,136.248260869565,231.111304347826,-0.416086956521739
"Buffalo",2008-12-01,155264,99881.7777777778,136.248260869565,231.111304347826,-0.416086956521739
"Buffalo",2009-01-01,154239.777777778,99247.5555555556,137.995217391304,234.069565217391,1.43304347826087
"Buffalo",2009-02-01,153277.555555556,98556.3333333333,137.995217391304,234.069565217391,1.43304347826087
"Buffalo",2009-03-01,151921.555555556,97671.6666666667,137.995217391304,234.069565217391,1.43304347826087
"Buffalo",2009-04-01,150742.444444444,96760.2222222222,137.995217391304,234.069565217391,1.43304347826087
"Buffalo",2009-05-01,149839,96009.7777777778,137.995217391304,234.069565217391,1.43304347826087
"Buffalo",2009-06-01,148812.777777778,95140.2222222222,137.995217391304,234.069565217391,1.43304347826087
"Buffalo",2009-07-01,147563,94273.8888888889,137.995217391304,234.069565217391,1.43304347826087
"Buffalo",2009-08-01,146277,93381.2222222222,137.995217391304,234.069565217391,1.43304347826087
"Buffalo",2009-09-01,145343.777777778,92882.1111111111,137.995217391304,234.069565217391,1.43304347826087
"Buffalo",2009-10-01,144466.111111111,92336.1111111111,137.995217391304,234.069565217391,1.43304347826087
"Buffalo",2009-11-01,143397,91773,137.995217391304,234.069565217391,1.43304347826087
"Buffalo",2009-12-01,142290.333333333,91161.7777777778,137.995217391304,234.069565217391,1.43304347826087
"Buffalo",2010-01-01,141558.555555556,90841.6666666667,141.992173913043,238.829565217391,3.50304347826087
"Buffalo",2010-02-01,141301.444444444,90741.3333333333,141.992173913043,238.829565217391,3.50304347826087
"Buffalo",2010-03-01,141299.555555556,90786.4444444444,141.992173913043,238.829565217391,3.50304347826087
"Buffalo",2010-04-01,141358.444444444,90853.6666666667,141.992173913043,238.829565217391,3.50304347826087
"Buffalo",2010-05-01,141043.666666667,90764.3333333333,141.992173913043,238.829565217391,3.50304347826087
"Buffalo",2010-06-01,140626.777777778,90628.5555555556,141.992173913043,238.829565217391,3.50304347826087
"Buffalo",2010-07-01,140372.333333333,90605.3333333333,141.992173913043,238.829565217391,3.50304347826087
"Buffalo",2010-08-01,140167.333333333,90698,141.992173913043,238.829565217391,3.50304347826087
"Buffalo",2010-09-01,139960.333333333,90639.5555555556,141.992173913043,238.829565217391,3.50304347826087
"Buffalo",2010-10-01,139517.111111111,90429,141.992173913043,238.829565217391,3.50304347826087
"Buffalo",2010-11-01,139259.777777778,90155.7777777778,141.992173913043,238.829565217391,3.50304347826087
"Buffalo",2010-12-01,138815.111111111,89832.5555555556,141.992173913043,238.829565217391,3.50304347826087
"Buffalo",2011-01-01,138208.222222222,89301.2222222222,145.047727272727,246.875,1.48772727272727
"Buffalo",2011-02-01,137486.333333333,88813,145.047727272727,246.875,1.48772727272727
"Buffalo",2011-03-01,136815.888888889,88279.3333333333,145.047727272727,246.875,1.48772727272727
"Buffalo",2011-04-01,135928.888888889,87727.4444444444,145.047727272727,246.875,1.48772727272727
"Buffalo",2011-05-01,128881.2,84832.4,145.047727272727,246.875,1.48772727272727
"Buffalo",2011-06-01,128219,84318.6,145.047727272727,246.875,1.48772727272727
"Buffalo",2011-07-01,127777.8,83842,145.047727272727,246.875,1.48772727272727
"Buffalo",2011-08-01,127586,83495.7,145.047727272727,246.875,1.48772727272727
"Buffalo",2011-09-01,127250.9,83057.3,145.047727272727,246.875,1.48772727272727
"Buffalo",2011-10-01,127133.5,82700,145.047727272727,246.875,1.48772727272727
"Buffalo",2011-11-01,126892.3,82348.1,145.047727272727,246.875,1.48772727272727
"Buffalo",2011-12-01,126707.5,82004.6,145.047727272727,246.875,1.48772727272727
"Buffalo",2012-01-01,126610.6,81804,141.720454545455,244.459090909091,-1.14666666666667
"Buffalo",2012-02-01,126341.3,81541.3,141.720454545455,244.459090909091,-1.14666666666667
"Buffalo",2012-03-01,126139.9,81337.9,141.720454545455,244.459090909091,-1.14666666666667
"Buffalo",2012-04-01,126016.6,81233.6,141.720454545455,244.459090909091,-1.14666666666667
"Buffalo",2012-05-01,126134.7,81276.7,141.720454545455,244.459090909091,-1.14666666666667
"Buffalo",2012-06-01,126376.9,81464.8,141.720454545455,244.459090909091,-1.14666666666667
"Buffalo",2012-07-01,126508.3,81534.9,141.720454545455,244.459090909091,-1.14666666666667
"Buffalo",2012-08-01,126606.4,81604.6,141.720454545455,244.459090909091,-1.14666666666667
"Buffalo",2012-09-01,126669.7,81717.2,141.720454545455,244.459090909091,-1.14666666666667
"Buffalo",2012-10-01,126755.6,81928.1,141.720454545455,244.459090909091,-1.14666666666667
"Buffalo",2012-11-01,126874.5,82056.4,141.720454545455,244.459090909091,-1.14666666666667
"Buffalo",2012-12-01,127117.6,82108.4,141.720454545455,244.459090909091,-1.14666666666667
"Buffalo",2013-01-01,127379.3,82237.9,147.727391304348,246.882608695652,3.10454545454545
"Buffalo",2013-02-01,127621.4,82348.3,147.727391304348,246.882608695652,3.10454545454545
"Buffalo",2013-03-01,127849.9,82646.4,147.727391304348,246.882608695652,3.10454545454545
"Buffalo",2013-04-01,128329.7,82892.5,147.727391304348,246.882608695652,3.10454545454545
"Buffalo",2013-05-01,129001,83401.9,147.727391304348,246.882608695652,3.10454545454545
"Buffalo",2013-06-01,129624.3,83798.9,147.727391304348,246.882608695652,3.10454545454545
"Buffalo",2013-07-01,130016.9,84142,147.727391304348,246.882608695652,3.10454545454545
"Buffalo",2013-08-01,130288.8,84281.5,147.727391304348,246.882608695652,3.10454545454545
"Buffalo",2013-09-01,130625.9,84564.2,147.727391304348,246.882608695652,3.10454545454545
"Buffalo",2013-10-01,131115.1,84956,147.727391304348,246.882608695652,3.10454545454545
"Buffalo",2013-11-01,131688,85445.6,147.727391304348,246.882608695652,3.10454545454545
"Buffalo",2013-12-01,132332.5,86022.1,147.727391304348,246.882608695652,3.10454545454545
"Buffalo",2014-01-01,132798.7,86431.6,156.807272727273,267.39,6.585
"Buffalo",2014-02-01,133596,86998.1,156.807272727273,267.39,6.585
"Buffalo",2014-03-01,134359.3,87404.5,156.807272727273,267.39,6.585
"Buffalo",2014-04-01,135105,87829.9,156.807272727273,267.39,6.585
"Buffalo",2014-05-01,135680.5,87983.8,156.807272727273,267.39,6.585
"Buffalo",2014-06-01,136194.1,88139.7,156.807272727273,267.39,6.585
"Buffalo",2014-07-01,137026.8,88509.6,156.807272727273,267.39,6.585
"Buffalo",2014-08-01,137751.7,89092.2,156.807272727273,267.39,6.585
"Buffalo",2014-09-01,138495.1,89533.1,156.807272727273,267.39,6.585
"Buffalo",2014-10-01,138981.2,89781.5,156.807272727273,267.39,6.585
"Buffalo",2014-11-01,139541.8,90056.1,156.807272727273,267.39,6.585
"Buffalo",2014-12-01,140107.2,90469.6,156.807272727273,267.39,6.585
"Buffalo",2015-01-01,140795.7,90982.2,167.220869565217,274.637391304348,5.185
"Buffalo",2015-02-01,141204,91346.7,167.220869565217,274.637391304348,5.185
"Buffalo",2015-03-01,141479.4,91558.8,167.220869565217,274.637391304348,5.185
"Buffalo",2015-04-01,141663.6,91779.3,167.220869565217,274.637391304348,5.185
"Buffalo",2015-05-01,142021.3,92142.1,167.220869565217,274.637391304348,5.185
"Buffalo",2015-06-01,142640.6,92650.2,167.220869565217,274.637391304348,5.185
"Buffalo",2015-07-01,143328.1,93240.8,167.220869565217,274.637391304348,5.185
"Buffalo",2015-08-01,144182,93799.7,167.220869565217,274.637391304348,5.185
"Buffalo",2015-09-01,145063.3,94414.3,167.220869565217,274.637391304348,5.185
"Buffalo",2015-10-01,145982.4,94994.5,167.220869565217,274.637391304348,5.185
"Buffalo",2015-11-01,146853.8,95588.9,167.220869565217,274.637391304348,5.185
"Buffalo",2015-12-01,147671.9,96080.7,167.220869565217,274.637391304348,5.185
"Buffalo",2016-01-01,148491.5,96578.7,179.78652173913,295.382173913043,7.61
"Buffalo",2016-02-01,149307,97088.4,179.78652173913,295.382173913043,7.61
"Buffalo",2016-03-01,150269.3,97911.5,179.78652173913,295.382173913043,7.61
"Buffalo",2016-04-01,151199,98652.4,179.78652173913,295.382173913043,7.61
"Buffalo",2016-05-01,151933.4,99239.3,179.78652173913,295.382173913043,7.61
"Buffalo",2016-06-01,152364.6,99461.7,179.78652173913,295.382173913043,7.61
"Buffalo",2016-07-01,152770.1,99603.9,179.78652173913,295.382173913043,7.61
"Buffalo",2016-08-01,153113.9,99678.8,179.78652173913,295.382173913043,7.61
"Buffalo",2016-09-01,153575.9,99945.1,179.78652173913,295.382173913043,7.61
"Buffalo",2016-10-01,154140,100292.8,179.78652173913,295.382173913043,7.61
"Buffalo",2016-11-01,155010.9,100788,179.78652173913,295.382173913043,7.61
"Buffalo",2016-12-01,155977.6,101306.4,179.78652173913,295.382173913043,7.61
"Buffalo",2017-01-01,156949,101762.4,191.475652173913,315.035217391304,6.67130434782609
"Buffalo",2017-02-01,157764.1,102185.6,191.475652173913,315.035217391304,6.67130434782609
"Buffalo",2017-03-01,158490.2,102375.5,191.475652173913,315.035217391304,6.67130434782609
"Buffalo",2017-04-01,159189.8,102732.9,191.475652173913,315.035217391304,6.67130434782609
"Buffalo",2017-05-01,160127.9,103291.6,191.475652173913,315.035217391304,6.67130434782609
"Buffalo",2017-06-01,161101.7,104267.5,191.475652173913,315.035217391304,6.67130434782609
"Buffalo",2017-07-01,161959.1,105057.9,191.475652173913,315.035217391304,6.67130434782609
"Buffalo",2017-08-01,163023.7,106014.7,191.475652173913,315.035217391304,6.67130434782609
"Buffalo",2017-09-01,164045.3,106675.5,191.475652173913,315.035217391304,6.67130434782609
"Buffalo",2017-10-01,165130.2,107421.6,191.475652173913,315.035217391304,6.67130434782609
"Buffalo",2017-11-01,165806.4,107823.7,191.475652173913,315.035217391304,6.67130434782609
"Buffalo",2017-12-01,166505.7,108279.2,191.475652173913,315.035217391304,6.67130434782609
"Buffalo",2018-01-01,167269.3,108945.3,204.675,344.137272727273,8.58181818181818
"Buffalo",2018-02-01,168349.6,109727.4,204.675,344.137272727273,8.58181818181818
"Buffalo",2018-03-01,169393,110536.2,204.675,344.137272727273,8.58181818181818
"Buffalo",2018-04-01,170568.2,111141.7,204.675,344.137272727273,8.58181818181818
"Buffalo",2018-05-01,171474.2,111605.8,204.675,344.137272727273,8.58181818181818
"Buffalo",2018-06-01,172480.3,111956.1,204.675,344.137272727273,8.58181818181818
"Buffalo",2018-07-01,173445.9,112542.6,204.675,344.137272727273,8.58181818181818
"Buffalo",2018-08-01,174209.9,113033.3,204.675,344.137272727273,8.58181818181818
"Buffalo",2018-09-01,174902.2,113529.4,204.675,344.137272727273,8.58181818181818
"Buffalo",2018-10-01,175631.1,113920.3,204.675,344.137272727273,8.58181818181818
"Buffalo",2018-11-01,176424.2,114414.5,204.675,344.137272727273,8.58181818181818
"Buffalo",2018-12-01,177243.1,115083,204.675,344.137272727273,8.58181818181818
"Buffalo",2019-01-01,177951.2,115613.9,220.748695652174,357.727826086957,6.68727272727273
"Buffalo",2019-02-01,178487.5,116116.3,220.748695652174,357.727826086957,6.68727272727273
"Buffalo",2019-03-01,179112.2,116543.2,220.748695652174,357.727826086957,6.68727272727273
"Buffalo",2019-04-01,179599.6,117066.4,220.748695652174,357.727826086957,6.68727272727273
"Buffalo",2019-05-01,180360.7,117661.4,220.748695652174,357.727826086957,6.68727272727273
"Buffalo",2019-06-01,180930.5,118037.5,220.748695652174,357.727826086957,6.68727272727273
"Buffalo",2019-07-01,181403.5,118282.1,220.748695652174,357.727826086957,6.68727272727273
"Buffalo",2019-08-01,181862.9,118522,220.748695652174,357.727826086957,6.68727272727273
"Buffalo",2019-09-01,182331.3,118966.2,220.748695652174,357.727826086957,6.68727272727273
"Buffalo",2019-10-01,182791.2,119402,220.748695652174,357.727826086957,6.68727272727273
"Buffalo",2019-11-01,183297,119887.9,220.748695652174,357.727826086957,6.68727272727273
"Buffalo",2019-12-01,183727.2,120214.2,220.748695652174,357.727826086957,6.68727272727273
"Buffalo",2020-01-01,184181.5,120545.8,231.178181818182,384.660454545455,6.38590909090909
"Buffalo",2020-02-01,184617,120852.5,231.178181818182,384.660454545455,6.38590909090909
"Buffalo",2020-03-01,184995.1,121254.1,231.178181818182,384.660454545455,6.38590909090909
"Buffalo",2020-04-01,185387.9,121653.1,231.178181818182,384.660454545455,6.38590909090909
"Buffalo",2020-05-01,185636.6,122033.1,231.178181818182,384.660454545455,6.38590909090909
"Buffalo",2020-06-01,185654.2,122508.5,231.178181818182,384.660454545455,6.38590909090909
"Buffalo",2020-07-01,186186.4,122132.6,231.178181818182,384.660454545455,6.38590909090909
"Buffalo",2020-08-01,179137.1,120544.2,231.178181818182,384.660454545455,6.38590909090909
"Buffalo",2020-09-01,179753.6,117507.1,231.178181818182,384.660454545455,6.38590909090909
"Buffalo",2020-10-01,185925.2,121408.3,231.178181818182,384.660454545455,6.38590909090909
"Buffalo",2020-11-01,187340.6,121727.4,231.178181818182,384.660454545455,6.38590909090909
"Buffalo",2020-12-01,191848.2,124315.8,231.178181818182,384.660454545455,6.38590909090909
"Buffalo",2021-01-01,193436.2,125613.6,260.664347826087,422.554347826087,12.2159090909091
"Buffalo",2021-02-01,203569.777777778,137444.888888889,260.664347826087,422.554347826087,12.2159090909091
"Buffalo",2021-03-01,202176.4,138554,260.664347826087,422.554347826087,12.2159090909091
"Buffalo",2021-04-01,205649.9,141146.5,260.664347826087,422.554347826087,12.2159090909091
"Buffalo",2021-05-01,207926.7,143729.4,260.664347826087,422.554347826087,12.2159090909091
"Buffalo",2021-06-01,204551.7,139901.5,260.664347826087,422.554347826087,12.2159090909091
"Buffalo",2021-07-01,206430.1,142041.7,260.664347826087,422.554347826087,12.2159090909091
"Buffalo",2021-08-01,208176.6,143877.5,260.664347826087,422.554347826087,12.2159090909091
"Buffalo",2021-09-01,218753.8,153864.5,260.664347826087,422.554347826087,12.2159090909091
"Buffalo",2021-10-01,222364.4,156508.7,260.664347826087,422.554347826087,12.2159090909091
"Buffalo",2021-11-01,226626,160010.3,260.664347826087,422.554347826087,12.2159090909091
"Buffalo",2021-12-01,230525,163082.1,260.664347826087,422.554347826087,12.2159090909091
"Coffey Park",2000-02-01,NA,NA,100,627.876666666667,24.2433333333333
"Coffey Park",2000-03-01,NA,NA,100,627.876666666667,24.2433333333333
"Coffey Park",2000-04-01,NA,NA,100,627.876666666667,24.2433333333333
"Coffey Park",2000-05-01,NA,NA,100,627.876666666667,24.2433333333333
"Coffey Park",2000-06-01,NA,NA,100,627.876666666667,24.2433333333333
"Coffey Park",2000-07-01,NA,NA,100,627.876666666667,24.2433333333333
"Coffey Park",2000-08-01,NA,NA,100,627.876666666667,24.2433333333333
"Coffey Park",2000-09-01,NA,NA,100,627.876666666667,24.2433333333333
"Coffey Park",2000-10-01,NA,NA,100,627.876666666667,24.2433333333333
"Coffey Park",2000-11-01,NA,NA,100,627.876666666667,24.2433333333333
"Coffey Park",2000-12-01,NA,NA,100,627.876666666667,24.2433333333333
"Coffey Park",2001-01-01,NA,NA,114.586666666667,718.666666666667,14.5866666666667
"Coffey Park",2001-02-01,NA,NA,114.586666666667,718.666666666667,14.5866666666667
"Coffey Park",2001-03-01,NA,NA,114.586666666667,718.666666666667,14.5866666666667
"Coffey Park",2001-04-01,NA,NA,114.586666666667,718.666666666667,14.5866666666667
"Coffey Park",2001-05-01,NA,NA,114.586666666667,718.666666666667,14.5866666666667
"Coffey Park",2001-06-01,NA,NA,114.586666666667,718.666666666667,14.5866666666667
"Coffey Park",2001-07-01,NA,NA,114.586666666667,718.666666666667,14.5866666666667
"Coffey Park",2001-08-01,NA,NA,114.586666666667,718.666666666667,14.5866666666667
"Coffey Park",2001-09-01,NA,NA,114.586666666667,718.666666666667,14.5866666666667
"Coffey Park",2001-10-01,NA,NA,114.586666666667,718.666666666667,14.5866666666667
"Coffey Park",2001-11-01,NA,NA,114.586666666667,718.666666666667,14.5866666666667
"Coffey Park",2001-12-01,NA,NA,114.586666666667,718.666666666667,14.5866666666667
"Coffey Park",2002-01-01,NA,NA,122.45,767.598333333333,6.855
"Coffey Park",2002-02-01,NA,NA,122.45,767.598333333333,6.855
"Coffey Park",2002-03-01,NA,NA,122.45,767.598333333333,6.855
"Coffey Park",2002-04-01,NA,NA,122.45,767.598333333333,6.855
"Coffey Park",2002-05-01,NA,NA,122.45,767.598333333333,6.855
"Coffey Park",2002-06-01,NA,NA,122.45,767.598333333333,6.855
"Coffey Park",2002-07-01,NA,NA,122.45,767.598333333333,6.855
"Coffey Park",2002-08-01,NA,NA,122.45,767.598333333333,6.855
"Coffey Park",2002-09-01,NA,NA,122.45,767.598333333333,6.855
"Coffey Park",2002-10-01,NA,NA,122.45,767.598333333333,6.855
"Coffey Park",2002-11-01,NA,NA,122.45,767.598333333333,6.855
"Coffey Park",2002-12-01,NA,NA,122.45,767.598333333333,6.855
"Coffey Park",2003-01-01,NA,NA,130.678333333333,818.606666666667,6.70166666666667
"Coffey Park",2003-02-01,NA,NA,130.678333333333,818.606666666667,6.70166666666667
"Coffey Park",2003-03-01,NA,NA,130.678333333333,818.606666666667,6.70166666666667
"Coffey Park",2003-04-01,NA,NA,130.678333333333,818.606666666667,6.70166666666667
"Coffey Park",2003-05-01,NA,NA,130.678333333333,818.606666666667,6.70166666666667
"Coffey Park",2003-06-01,NA,NA,130.678333333333,818.606666666667,6.70166666666667
"Coffey Park",2003-07-01,NA,NA,130.678333333333,818.606666666667,6.70166666666667
"Coffey Park",2003-08-01,NA,NA,130.678333333333,818.606666666667,6.70166666666667
"Coffey Park",2003-09-01,NA,NA,130.678333333333,818.606666666667,6.70166666666667
"Coffey Park",2003-10-01,NA,NA,130.678333333333,818.606666666667,6.70166666666667
"Coffey Park",2003-11-01,NA,NA,130.678333333333,818.606666666667,6.70166666666667
"Coffey Park",2003-12-01,NA,NA,130.678333333333,818.606666666667,6.70166666666667
"Coffey Park",2004-01-01,NA,NA,152.126666666667,952.541666666667,16.3866666666667
"Coffey Park",2004-02-01,NA,NA,152.126666666667,952.541666666667,16.3866666666667
"Coffey Park",2004-03-01,NA,NA,152.126666666667,952.541666666667,16.3866666666667
"Coffey Park",2004-04-01,NA,NA,152.126666666667,952.541666666667,16.3866666666667
"Coffey Park",2004-05-01,NA,NA,152.126666666667,952.541666666667,16.3866666666667
"Coffey Park",2004-06-01,NA,NA,152.126666666667,952.541666666667,16.3866666666667
"Coffey Park",2004-07-01,NA,NA,152.126666666667,952.541666666667,16.3866666666667
"Coffey Park",2004-08-01,NA,NA,152.126666666667,952.541666666667,16.3866666666667
"Coffey Park",2004-09-01,NA,NA,152.126666666667,952.541666666667,16.3866666666667
"Coffey Park",2004-10-01,NA,NA,152.126666666667,952.541666666667,16.3866666666667
"Coffey Park",2004-11-01,NA,NA,152.126666666667,952.541666666667,16.3866666666667
"Coffey Park",2004-12-01,NA,NA,152.126666666667,952.541666666667,16.3866666666667
"Coffey Park",2005-01-01,NA,NA,186.178333333333,1165.14166666667,22.3716666666667
"Coffey Park",2005-02-01,NA,NA,186.178333333333,1165.14166666667,22.3716666666667
"Coffey Park",2005-03-01,NA,NA,186.178333333333,1165.14166666667,22.3716666666667
"Coffey Park",2005-04-01,NA,NA,186.178333333333,1165.14166666667,22.3716666666667
"Coffey Park",2005-05-01,NA,NA,186.178333333333,1165.14166666667,22.3716666666667
"Coffey Park",2005-06-01,NA,NA,186.178333333333,1165.14166666667,22.3716666666667
"Coffey Park",2005-07-01,NA,NA,186.178333333333,1165.14166666667,22.3716666666667
"Coffey Park",2005-08-01,NA,NA,186.178333333333,1165.14166666667,22.3716666666667
"Coffey Park",2005-09-01,NA,NA,186.178333333333,1165.14166666667,22.3716666666667
"Coffey Park",2005-10-01,NA,NA,186.178333333333,1165.14166666667,22.3716666666667
"Coffey Park",2005-11-01,NA,NA,186.178333333333,1165.14166666667,22.3716666666667
"Coffey Park",2005-12-01,NA,NA,186.178333333333,1165.14166666667,22.3716666666667
"Coffey Park",2006-01-01,NA,NA,192.048333333333,1201.58166666667,3.135
"Coffey Park",2006-02-01,NA,NA,192.048333333333,1201.58166666667,3.135
"Coffey Park",2006-03-01,NA,NA,192.048333333333,1201.58166666667,3.135
"Coffey Park",2006-04-01,NA,NA,192.048333333333,1201.58166666667,3.135
"Coffey Park",2006-05-01,NA,NA,192.048333333333,1201.58166666667,3.135
"Coffey Park",2006-06-01,NA,NA,192.048333333333,1201.58166666667,3.135
"Coffey Park",2006-07-01,NA,NA,192.048333333333,1201.58166666667,3.135
"Coffey Park",2006-08-01,NA,NA,192.048333333333,1201.58166666667,3.135
"Coffey Park",2006-09-01,NA,NA,192.048333333333,1201.58166666667,3.135
"Coffey Park",2006-10-01,NA,NA,192.048333333333,1201.58166666667,3.135
"Coffey Park",2006-11-01,NA,NA,192.048333333333,1201.58166666667,3.135
"Coffey Park",2006-12-01,NA,NA,192.048333333333,1201.58166666667,3.135
"Coffey Park",2007-01-01,NA,NA,179.605,1125.545,-6.40166666666667
"Coffey Park",2007-02-01,NA,NA,179.605,1125.545,-6.40166666666667
"Coffey Park",2007-03-01,NA,NA,179.605,1125.545,-6.40166666666667
"Coffey Park",2007-04-01,NA,NA,179.605,1125.545,-6.40166666666667
"Coffey Park",2007-05-01,NA,NA,179.605,1125.545,-6.40166666666667
"Coffey Park",2007-06-01,NA,NA,179.605,1125.545,-6.40166666666667
"Coffey Park",2007-07-01,NA,NA,179.605,1125.545,-6.40166666666667
"Coffey Park",2007-08-01,NA,NA,179.605,1125.545,-6.40166666666667
"Coffey Park",2007-09-01,NA,NA,179.605,1125.545,-6.40166666666667
"Coffey Park",2007-10-01,NA,NA,179.605,1125.545,-6.40166666666667
"Coffey Park",2007-11-01,NA,NA,179.605,1125.545,-6.40166666666667
"Coffey Park",2007-12-01,NA,NA,179.605,1125.545,-6.40166666666667
"Coffey Park",2008-01-01,NA,NA,142.066666666667,895.34,-20.7316666666667
"Coffey Park",2008-02-01,132992,NA,142.066666666667,895.34,-20.7316666666667
"Coffey Park",2008-03-01,132925.5,NA,142.066666666667,895.34,-20.7316666666667
"Coffey Park",2008-04-01,132953.5,NA,142.066666666667,895.34,-20.7316666666667
"Coffey Park",2008-05-01,132371.5,NA,142.066666666667,895.34,-20.7316666666667
"Coffey Park",2008-06-01,132140,NA,142.066666666667,895.34,-20.7316666666667
"Coffey Park",2008-07-01,132030.5,NA,142.066666666667,895.34,-20.7316666666667
"Coffey Park",2008-08-01,131900,NA,142.066666666667,895.34,-20.7316666666667
"Coffey Park",2008-09-01,131750,NA,142.066666666667,895.34,-20.7316666666667
"Coffey Park",2008-10-01,131367,NA,142.066666666667,895.34,-20.7316666666667
"Coffey Park",2008-11-01,131716,NA,142.066666666667,895.34,-20.7316666666667
"Coffey Park",2008-12-01,131357,NA,142.066666666667,895.34,-20.7316666666667
"Coffey Park",2009-01-01,130868,NA,124.378333333333,786.013333333333,-12.55
"Coffey Park",2009-02-01,130260,NA,124.378333333333,786.013333333333,-12.55
"Coffey Park",2009-03-01,130187,NA,124.378333333333,786.013333333333,-12.55
"Coffey Park",2009-04-01,130149.5,NA,124.378333333333,786.013333333333,-12.55
"Coffey Park",2009-05-01,130738,NA,124.378333333333,786.013333333333,-12.55
"Coffey Park",2009-06-01,130730.5,NA,124.378333333333,786.013333333333,-12.55
"Coffey Park",2009-07-01,130514.5,NA,124.378333333333,786.013333333333,-12.55
"Coffey Park",2009-08-01,129898.5,NA,124.378333333333,786.013333333333,-12.55
"Coffey Park",2009-09-01,129693.5,NA,124.378333333333,786.013333333333,-12.55
"Coffey Park",2009-10-01,129931,NA,124.378333333333,786.013333333333,-12.55
"Coffey Park",2009-11-01,129192.5,NA,124.378333333333,786.013333333333,-12.55
"Coffey Park",2009-12-01,129107.5,NA,124.378333333333,786.013333333333,-12.55
"Coffey Park",2010-01-01,128679,NA,119.536666666667,753.388333333333,-3.655
"Coffey Park",2010-02-01,128430,NA,119.536666666667,753.388333333333,-3.655
"Coffey Park",2010-03-01,126541,NA,119.536666666667,753.388333333333,-3.655
"Coffey Park",2010-04-01,124462,NA,119.536666666667,753.388333333333,-3.655
"Coffey Park",2010-05-01,122366.5,NA,119.536666666667,753.388333333333,-3.655
"Coffey Park",2010-06-01,120766.5,NA,119.536666666667,753.388333333333,-3.655
"Coffey Park",2010-07-01,119381.5,NA,119.536666666667,753.388333333333,-3.655
"Coffey Park",2010-08-01,118932.5,NA,119.536666666667,753.388333333333,-3.655
"Coffey Park",2010-09-01,117992,NA,119.536666666667,753.388333333333,-3.655
"Coffey Park",2010-10-01,116953,NA,119.536666666667,753.388333333333,-3.655
"Coffey Park",2010-11-01,116071.5,NA,119.536666666667,753.388333333333,-3.655
"Coffey Park",2010-12-01,115636.5,NA,119.536666666667,753.388333333333,-3.655
"Coffey Park",2011-01-01,116210,NA,110.261666666667,695.046666666667,-7.77333333333333
"Coffey Park",2011-02-01,117149,NA,110.261666666667,695.046666666667,-7.77333333333333
"Coffey Park",2011-03-01,119731,NA,110.261666666667,695.046666666667,-7.77333333333333
"Coffey Park",2011-04-01,121770.5,NA,110.261666666667,695.046666666667,-7.77333333333333
"Coffey Park",2011-05-01,123622,NA,110.261666666667,695.046666666667,-7.77333333333333
"Coffey Park",2011-06-01,124353,NA,110.261666666667,695.046666666667,-7.77333333333333
"Coffey Park",2011-07-01,124685,NA,110.261666666667,695.046666666667,-7.77333333333333
"Coffey Park",2011-08-01,124269,NA,110.261666666667,695.046666666667,-7.77333333333333
"Coffey Park",2011-09-01,124006.5,NA,110.261666666667,695.046666666667,-7.77333333333333
"Coffey Park",2011-10-01,123463.5,NA,110.261666666667,695.046666666667,-7.77333333333333
"Coffey Park",2011-11-01,122426,NA,110.261666666667,695.046666666667,-7.77333333333333
"Coffey Park",2011-12-01,121336.5,NA,110.261666666667,695.046666666667,-7.77333333333333
"Coffey Park",2012-01-01,119730,NA,109.73,691.798333333333,-0.458333333333333
"Coffey Park",2012-02-01,117320.5,NA,109.73,691.798333333333,-0.458333333333333
"Coffey Park",2012-03-01,114398,NA,109.73,691.798333333333,-0.458333333333333
"Coffey Park",2012-04-01,112773.5,NA,109.73,691.798333333333,-0.458333333333333
"Coffey Park",2012-05-01,112355.5,NA,109.73,691.798333333333,-0.458333333333333
"Coffey Park",2012-06-01,113229.5,NA,109.73,691.798333333333,-0.458333333333333
"Coffey Park",2012-07-01,114331,NA,109.73,691.798333333333,-0.458333333333333
"Coffey Park",2012-08-01,115544.5,NA,109.73,691.798333333333,-0.458333333333333
"Coffey Park",2012-09-01,117007.5,NA,109.73,691.798333333333,-0.458333333333333
"Coffey Park",2012-10-01,118367,NA,109.73,691.798333333333,-0.458333333333333
"Coffey Park",2012-11-01,119970.5,NA,109.73,691.798333333333,-0.458333333333333
"Coffey Park",2012-12-01,120901,NA,109.73,691.798333333333,-0.458333333333333
"Coffey Park",2013-01-01,121641.5,NA,127.271666666667,801.398333333333,16.07
"Coffey Park",2013-02-01,122757,NA,127.271666666667,801.398333333333,16.07
"Coffey Park",2013-03-01,123691,NA,127.271666666667,801.398333333333,16.07
"Coffey Park",2013-04-01,124344.5,NA,127.271666666667,801.398333333333,16.07
"Coffey Park",2013-05-01,124373.5,NA,127.271666666667,801.398333333333,16.07
"Coffey Park",2013-06-01,124624.5,NA,127.271666666667,801.398333333333,16.07
"Coffey Park",2013-07-01,125062,NA,127.271666666667,801.398333333333,16.07
"Coffey Park",2013-08-01,125487,NA,127.271666666667,801.398333333333,16.07
"Coffey Park",2013-09-01,125484.5,NA,127.271666666667,801.398333333333,16.07
"Coffey Park",2013-10-01,126115,NA,127.271666666667,801.398333333333,16.07
"Coffey Park",2013-11-01,127229.5,NA,127.271666666667,801.398333333333,16.07
"Coffey Park",2013-12-01,128832.5,NA,127.271666666667,801.398333333333,16.07
"Coffey Park",2014-01-01,130938.5,NA,149.461666666667,940.123333333333,17.4866666666667
"Coffey Park",2014-02-01,129308.25,NA,149.461666666667,940.123333333333,17.4866666666667
"Coffey Park",2014-03-01,129309.25,NA,149.461666666667,940.123333333333,17.4866666666667
"Coffey Park",2014-04-01,129649.75,NA,149.461666666667,940.123333333333,17.4866666666667
"Coffey Park",2014-05-01,192949.8,NA,149.461666666667,940.123333333333,17.4866666666667
"Coffey Park",2014-06-01,193601,NA,149.461666666667,940.123333333333,17.4866666666667
"Coffey Park",2014-07-01,194121.4,NA,149.461666666667,940.123333333333,17.4866666666667
"Coffey Park",2014-08-01,195063.2,NA,149.461666666667,940.123333333333,17.4866666666667
"Coffey Park",2014-09-01,195669.2,NA,149.461666666667,940.123333333333,17.4866666666667
"Coffey Park",2014-10-01,195730,NA,149.461666666667,940.123333333333,17.4866666666667
"Coffey Park",2014-11-01,196127.2,NA,149.461666666667,940.123333333333,17.4866666666667
"Coffey Park",2014-12-01,196117.2,NA,149.461666666667,940.123333333333,17.4866666666667
"Coffey Park",2015-01-01,195311.8,NA,160.576666666667,1009.57666666667,7.45166666666667
"Coffey Park",2015-02-01,193952,NA,160.576666666667,1009.57666666667,7.45166666666667
"Coffey Park",2015-03-01,192892,NA,160.576666666667,1009.57666666667,7.45166666666667
"Coffey Park",2015-04-01,192048,NA,160.576666666667,1009.57666666667,7.45166666666667
"Coffey Park",2015-05-01,191455.8,NA,160.576666666667,1009.57666666667,7.45166666666667
"Coffey Park",2015-06-01,189811.2,NA,160.576666666667,1009.57666666667,7.45166666666667
"Coffey Park",2015-07-01,188256.6,NA,160.576666666667,1009.57666666667,7.45166666666667
"Coffey Park",2015-08-01,187705.2,NA,160.576666666667,1009.57666666667,7.45166666666667
"Coffey Park",2015-09-01,188615.6,NA,160.576666666667,1009.57666666667,7.45166666666667
"Coffey Park",2015-10-01,189662,NA,160.576666666667,1009.57666666667,7.45166666666667
"Coffey Park",2015-11-01,189757.4,NA,160.576666666667,1009.57666666667,7.45166666666667
"Coffey Park",2015-12-01,189952.6,NA,160.576666666667,1009.57666666667,7.45166666666667
"Coffey Park",2016-01-01,191385.2,NA,174.568333333333,1096.97666666667,8.72333333333333
"Coffey Park",2016-02-01,194126.8,NA,174.568333333333,1096.97666666667,8.72333333333333
"Coffey Park",2016-03-01,197203.4,NA,174.568333333333,1096.97666666667,8.72333333333333
"Coffey Park",2016-04-01,199434.8,NA,174.568333333333,1096.97666666667,8.72333333333333
"Coffey Park",2016-05-01,201184.4,NA,174.568333333333,1096.97666666667,8.72333333333333
"Coffey Park",2016-06-01,203715.4,NA,174.568333333333,1096.97666666667,8.72333333333333
"Coffey Park",2016-07-01,205552.2,NA,174.568333333333,1096.97666666667,8.72333333333333
"Coffey Park",2016-08-01,206645.6,NA,174.568333333333,1096.97666666667,8.72333333333333
"Coffey Park",2016-09-01,205595.6,NA,174.568333333333,1096.97666666667,8.72333333333333
"Coffey Park",2016-10-01,204553.6,NA,174.568333333333,1096.97666666667,8.72333333333333
"Coffey Park",2016-11-01,203850.2,NA,174.568333333333,1096.97666666667,8.72333333333333
"Coffey Park",2016-12-01,204200.2,NA,174.568333333333,1096.97666666667,8.72333333333333
"Coffey Park",2017-01-01,204383,NA,189.111666666667,1187.44166666667,8.34
"Coffey Park",2017-02-01,203836.6,NA,189.111666666667,1187.44166666667,8.34
"Coffey Park",2017-03-01,203507.2,NA,189.111666666667,1187.44166666667,8.34
"Coffey Park",2017-04-01,202980.2,NA,189.111666666667,1187.44166666667,8.34
"Coffey Park",2017-05-01,203388,NA,189.111666666667,1187.44166666667,8.34
"Coffey Park",2017-06-01,202635.4,NA,189.111666666667,1187.44166666667,8.34
"Coffey Park",2017-07-01,202749.8,NA,189.111666666667,1187.44166666667,8.34
"Coffey Park",2017-08-01,201327.6,NA,189.111666666667,1187.44166666667,8.34
"Coffey Park",2017-09-01,201415.4,NA,189.111666666667,1187.44166666667,8.34
"Coffey Park",2017-10-01,202275.6,NA,189.111666666667,1187.44166666667,8.34
"Coffey Park",2017-11-01,203813.4,NA,189.111666666667,1187.44166666667,8.34
"Coffey Park",2017-12-01,203520.8,NA,189.111666666667,1187.44166666667,8.34
"Coffey Park",2018-01-01,201070.2,NA,206.225,1295.15666666667,9.04833333333333
"Coffey Park",2018-02-01,198497.8,NA,206.225,1295.15666666667,9.04833333333333
"Coffey Park",2018-03-01,196354.4,NA,206.225,1295.15666666667,9.04833333333333
"Coffey Park",2018-04-01,195388.6,NA,206.225,1295.15666666667,9.04833333333333
"Coffey Park",2018-05-01,193994.6,NA,206.225,1295.15666666667,9.04833333333333
"Coffey Park",2018-06-01,192951,NA,206.225,1295.15666666667,9.04833333333333
"Coffey Park",2018-07-01,191951.4,NA,206.225,1295.15666666667,9.04833333333333
"Coffey Park",2018-08-01,191474.4,NA,206.225,1295.15666666667,9.04833333333333
"Coffey Park",2018-09-01,190957.6,NA,206.225,1295.15666666667,9.04833333333333
"Coffey Park",2018-10-01,190865.8,NA,206.225,1295.15666666667,9.04833333333333
"Coffey Park",2018-11-01,191425.2,NA,206.225,1295.15666666667,9.04833333333333
"Coffey Park",2018-12-01,191376.4,NA,206.225,1295.15666666667,9.04833333333333
"Coffey Park",2019-01-01,192031,NA,205.805,1292.04833333333,-0.205
"Coffey Park",2019-02-01,192577.2,NA,205.805,1292.04833333333,-0.205
"Coffey Park",2019-03-01,193404,NA,205.805,1292.04833333333,-0.205
"Coffey Park",2019-04-01,193231,NA,205.805,1292.04833333333,-0.205
"Coffey Park",2019-05-01,194243.6,NA,205.805,1292.04833333333,-0.205
"Coffey Park",2019-06-01,195868.8,NA,205.805,1292.04833333333,-0.205
"Coffey Park",2019-07-01,196856,NA,205.805,1292.04833333333,-0.205
"Coffey Park",2019-08-01,197170.2,NA,205.805,1292.04833333333,-0.205
"Coffey Park",2019-09-01,197146,NA,205.805,1292.04833333333,-0.205
"Coffey Park",2019-10-01,197291,NA,205.805,1292.04833333333,-0.205
"Coffey Park",2019-11-01,196746,NA,205.805,1292.04833333333,-0.205
"Coffey Park",2019-12-01,197225.4,NA,205.805,1292.04833333333,-0.205
"Coffey Park",2020-01-01,198033,NA,206.908333333333,1297.94333333333,0.531666666666667
"Coffey Park",2020-02-01,199215.8,NA,206.908333333333,1297.94333333333,0.531666666666667
"Coffey Park",2020-03-01,200217.4,NA,206.908333333333,1297.94333333333,0.531666666666667
"Coffey Park",2020-04-01,201621.2,NA,206.908333333333,1297.94333333333,0.531666666666667
"Coffey Park",2020-05-01,202296.2,NA,206.908333333333,1297.94333333333,0.531666666666667
"Coffey Park",2020-06-01,217109.8,NA,206.908333333333,1297.94333333333,0.531666666666667
"Coffey Park",2020-07-01,210799,NA,206.908333333333,1297.94333333333,0.531666666666667
"Coffey Park",2020-08-01,195147.8,NA,206.908333333333,1297.94333333333,0.531666666666667
"Coffey Park",2020-09-01,198684.6,NA,206.908333333333,1297.94333333333,0.531666666666667
"Coffey Park",2020-10-01,211333.4,NA,206.908333333333,1297.94333333333,0.531666666666667
"Coffey Park",2020-11-01,212795.2,NA,206.908333333333,1297.94333333333,0.531666666666667
"Coffey Park",2020-12-01,216937.8,NA,206.908333333333,1297.94333333333,0.531666666666667
"Coffey Park",2021-01-01,217906.4,NA,223.968333333333,1404.265,8.23166666666667
"Coffey Park",2021-02-01,219677,NA,223.968333333333,1404.265,8.23166666666667
"Coffey Park",2021-03-01,214445.8,NA,223.968333333333,1404.265,8.23166666666667
"Coffey Park",2021-04-01,223346.8,NA,223.968333333333,1404.265,8.23166666666667
"Coffey Park",2021-05-01,226216.2,NA,223.968333333333,1404.265,8.23166666666667
"Coffey Park",2021-06-01,227465.4,NA,223.968333333333,1404.265,8.23166666666667
"Coffey Park",2021-07-01,230282.4,NA,223.968333333333,1404.265,8.23166666666667
"Coffey Park",2021-08-01,232649.8,NA,223.968333333333,1404.265,8.23166666666667
"Coffey Park",2021-09-01,235039,NA,223.968333333333,1404.265,8.23166666666667
"Coffey Park",2021-10-01,237886.4,NA,223.968333333333,1404.265,8.23166666666667
"Coffey Park",2021-11-01,242269.8,NA,223.968333333333,1404.265,8.23166666666667
"Coffey Park",2021-12-01,244784.4,NA,223.968333333333,1404.265,8.23166666666667
"Grand Isle",2000-02-01,62700,NA,NA,NA,NA
"Grand Isle",2000-03-01,63538,NA,NA,NA,NA
"Grand Isle",2000-04-01,64329,NA,NA,NA,NA
"Grand Isle",2000-05-01,65180,NA,NA,NA,NA
"Grand Isle",2000-06-01,66010,NA,NA,NA,NA
"Grand Isle",2000-07-01,66327,NA,NA,NA,NA
"Grand Isle",2000-08-01,66921,NA,NA,NA,NA
"Grand Isle",2000-09-01,67329,NA,NA,NA,NA
"Grand Isle",2000-10-01,68001,NA,NA,NA,NA
"Grand Isle",2000-11-01,68246,NA,NA,NA,NA
"Grand Isle",2000-12-01,68422,NA,NA,NA,NA
"Grand Isle",2001-01-01,68619,NA,NA,NA,NA
"Grand Isle",2001-02-01,68825,NA,NA,NA,NA
"Grand Isle",2001-03-01,69309,NA,NA,NA,NA
"Grand Isle",2001-04-01,69477,NA,NA,NA,NA
"Grand Isle",2001-05-01,69757,NA,NA,NA,NA
"Grand Isle",2001-06-01,70143,NA,NA,NA,NA
"Grand Isle",2001-07-01,70718,NA,NA,NA,NA
"Grand Isle",2001-08-01,70779,NA,NA,NA,NA
"Grand Isle",2001-09-01,70665,NA,NA,NA,NA
"Grand Isle",2001-10-01,70418,NA,NA,NA,NA
"Grand Isle",2001-11-01,70373,NA,NA,NA,NA
"Grand Isle",2001-12-01,70141,NA,NA,NA,NA
"Grand Isle",2002-01-01,69851,NA,NA,NA,NA
"Grand Isle",2002-02-01,69413,NA,NA,NA,NA
"Grand Isle",2002-03-01,69142,NA,NA,NA,NA
"Grand Isle",2002-04-01,68910,NA,NA,NA,NA
"Grand Isle",2002-05-01,68486,NA,NA,NA,NA
"Grand Isle",2002-06-01,67672,NA,NA,NA,NA
"Grand Isle",2002-07-01,66965,NA,NA,NA,NA
"Grand Isle",2002-08-01,66615,NA,NA,NA,NA
"Grand Isle",2002-09-01,66498,NA,NA,NA,NA
"Grand Isle",2002-10-01,66527,NA,NA,NA,NA
"Grand Isle",2002-11-01,66475,NA,NA,NA,NA
"Grand Isle",2002-12-01,67012,NA,NA,NA,NA
"Grand Isle",2003-01-01,67491,NA,NA,NA,NA
"Grand Isle",2003-02-01,68418,NA,NA,NA,NA
"Grand Isle",2003-03-01,68766,NA,NA,NA,NA
"Grand Isle",2003-04-01,69076,NA,NA,NA,NA
"Grand Isle",2003-05-01,69464,NA,NA,NA,NA
"Grand Isle",2003-06-01,69963,NA,NA,NA,NA
"Grand Isle",2003-07-01,70510,NA,NA,NA,NA
"Grand Isle",2003-08-01,70927,NA,NA,NA,NA
"Grand Isle",2003-09-01,71217,NA,NA,NA,NA
"Grand Isle",2003-10-01,71178,NA,NA,NA,NA
"Grand Isle",2003-11-01,71428,NA,NA,NA,NA
"Grand Isle",2003-12-01,71523,NA,NA,NA,NA
"Grand Isle",2004-01-01,72069,NA,NA,NA,NA
"Grand Isle",2004-02-01,72079,NA,NA,NA,NA
"Grand Isle",2004-03-01,72444,NA,NA,NA,NA
"Grand Isle",2004-04-01,72751,NA,NA,NA,NA
"Grand Isle",2004-05-01,72876,NA,NA,NA,NA
"Grand Isle",2004-06-01,72998,NA,NA,NA,NA
"Grand Isle",2004-07-01,72892,NA,NA,NA,NA
"Grand Isle",2004-08-01,72965,NA,NA,NA,NA
"Grand Isle",2004-09-01,73450,NA,NA,NA,NA
"Grand Isle",2004-10-01,74185,NA,NA,NA,NA
"Grand Isle",2004-11-01,74783,NA,NA,NA,NA
"Grand Isle",2004-12-01,74864,NA,NA,NA,NA
"Grand Isle",2005-01-01,74252,NA,NA,NA,NA
"Grand Isle",2005-02-01,73762,NA,NA,NA,NA
"Grand Isle",2005-03-01,73383,NA,NA,NA,NA
"Grand Isle",2005-04-01,73437,NA,NA,NA,NA
"Grand Isle",2005-05-01,73671,NA,NA,NA,NA
"Grand Isle",2005-06-01,74131,NA,NA,NA,NA
"Grand Isle",2005-07-01,74797,NA,NA,NA,NA
"Grand Isle",2005-08-01,75508,NA,NA,NA,NA
"Grand Isle",2005-09-01,75757,NA,NA,NA,NA
"Grand Isle",2005-10-01,75991,NA,NA,NA,NA
"Grand Isle",2005-11-01,76128,NA,NA,NA,NA
"Grand Isle",2005-12-01,76737,NA,NA,NA,NA
"Grand Isle",2006-01-01,77694,NA,NA,NA,NA
"Grand Isle",2006-02-01,78676,NA,NA,NA,NA
"Grand Isle",2006-03-01,79453,NA,NA,NA,NA
"Grand Isle",2006-04-01,79947,NA,NA,NA,NA
"Grand Isle",2006-05-01,80546,NA,NA,NA,NA
"Grand Isle",2006-06-01,80946,NA,NA,NA,NA
"Grand Isle",2006-07-01,81074,NA,NA,NA,NA
"Grand Isle",2006-08-01,80916,NA,NA,NA,NA
"Grand Isle",2006-09-01,80898,NA,NA,NA,NA
"Grand Isle",2006-10-01,80960,NA,NA,NA,NA
"Grand Isle",2006-11-01,81027,NA,NA,NA,NA
"Grand Isle",2006-12-01,81037,NA,NA,NA,NA
"Grand Isle",2007-01-01,80986,NA,NA,NA,NA
"Grand Isle",2007-02-01,81113,NA,NA,NA,NA
"Grand Isle",2007-03-01,81073,NA,NA,NA,NA
"Grand Isle",2007-04-01,80985,NA,NA,NA,NA
"Grand Isle",2007-05-01,80792,NA,NA,NA,NA
"Grand Isle",2007-06-01,80521,NA,NA,NA,NA
"Grand Isle",2007-07-01,80319,NA,NA,NA,NA
"Grand Isle",2007-08-01,80025,NA,NA,NA,NA
"Grand Isle",2007-09-01,79912,NA,NA,NA,NA
"Grand Isle",2007-10-01,79680,NA,NA,NA,NA
"Grand Isle",2007-11-01,79273,NA,NA,NA,NA
"Grand Isle",2007-12-01,78566,NA,NA,NA,NA
"Grand Isle",2008-01-01,77711,NA,NA,NA,NA
"Grand Isle",2008-02-01,77242,NA,NA,NA,NA
"Grand Isle",2008-03-01,77309,NA,NA,NA,NA
"Grand Isle",2008-04-01,77367,NA,NA,NA,NA
"Grand Isle",2008-05-01,77152,NA,NA,NA,NA
"Grand Isle",2008-06-01,76813,NA,NA,NA,NA
"Grand Isle",2008-07-01,76761,NA,NA,NA,NA
"Grand Isle",2008-08-01,76476,NA,NA,NA,NA
"Grand Isle",2008-09-01,75877,NA,NA,NA,NA
"Grand Isle",2008-10-01,74987,NA,NA,NA,NA
"Grand Isle",2008-11-01,74289,NA,NA,NA,NA
"Grand Isle",2008-12-01,73769,NA,NA,NA,NA
"Grand Isle",2009-01-01,73629,NA,NA,NA,NA
"Grand Isle",2009-02-01,73066,NA,NA,NA,NA
"Grand Isle",2009-03-01,72191,NA,NA,NA,NA
"Grand Isle",2009-04-01,71044,NA,NA,NA,NA
"Grand Isle",2009-05-01,69938,NA,NA,NA,NA
"Grand Isle",2009-06-01,69268,NA,NA,NA,NA
"Grand Isle",2009-07-01,68604,NA,NA,NA,NA
"Grand Isle",2009-08-01,68693,NA,NA,NA,NA
"Grand Isle",2009-09-01,68871,NA,NA,NA,NA
"Grand Isle",2009-10-01,69401,NA,NA,NA,NA
"Grand Isle",2009-11-01,69888,NA,NA,NA,NA
"Grand Isle",2009-12-01,70286,NA,NA,NA,NA
"Grand Isle",2010-01-01,70415,NA,NA,NA,NA
"Grand Isle",2010-02-01,70088,NA,NA,NA,NA
"Grand Isle",2010-03-01,69803,NA,NA,NA,NA
"Grand Isle",2010-04-01,69787,NA,NA,NA,NA
"Grand Isle",2010-05-01,70282,NA,NA,NA,NA
"Grand Isle",2010-06-01,70285,NA,NA,NA,NA
"Grand Isle",2010-07-01,70108,NA,NA,NA,NA
"Grand Isle",2010-08-01,69679,NA,NA,NA,NA
"Grand Isle",2010-09-01,69476,NA,NA,NA,NA
"Grand Isle",2010-10-01,69008,NA,NA,NA,NA
"Grand Isle",2010-11-01,68383,NA,NA,NA,NA
"Grand Isle",2010-12-01,67425,NA,NA,NA,NA
"Grand Isle",2011-01-01,66352,NA,NA,NA,NA
"Grand Isle",2011-02-01,65347,NA,NA,NA,NA
"Grand Isle",2011-03-01,64516,NA,NA,NA,NA
"Grand Isle",2011-04-01,63797,NA,NA,NA,NA
"Grand Isle",2011-05-01,62715,NA,NA,NA,NA
"Grand Isle",2011-06-01,62038,NA,NA,NA,NA
"Grand Isle",2011-07-01,61469,NA,NA,NA,NA
"Grand Isle",2011-08-01,60597,NA,NA,NA,NA
"Grand Isle",2011-09-01,59333,NA,NA,NA,NA
"Grand Isle",2011-10-01,57723,NA,NA,NA,NA
"Grand Isle",2011-11-01,56829,NA,NA,NA,NA
"Grand Isle",2011-12-01,56348,NA,NA,NA,NA
"Grand Isle",2012-01-01,56160,NA,NA,NA,NA
"Grand Isle",2012-02-01,55887,NA,NA,NA,NA
"Grand Isle",2012-03-01,55444,NA,NA,NA,NA
"Grand Isle",2012-04-01,55136,NA,NA,NA,NA
"Grand Isle",2012-05-01,55102,NA,NA,NA,NA
"Grand Isle",2012-06-01,54740,NA,NA,NA,NA
"Grand Isle",2012-07-01,53796,NA,NA,NA,NA
"Grand Isle",2012-08-01,52935,NA,NA,NA,NA
"Grand Isle",2012-09-01,52293,NA,NA,NA,NA
"Grand Isle",2012-10-01,52587,NA,NA,NA,NA
"Grand Isle",2012-11-01,52246,NA,NA,NA,NA
"Grand Isle",2012-12-01,52142,NA,NA,NA,NA
"Grand Isle",2013-01-01,51914,NA,NA,NA,NA
"Grand Isle",2013-02-01,52511,NA,NA,NA,NA
"Grand Isle",2013-03-01,52924,NA,NA,NA,NA
"Grand Isle",2013-04-01,53304,NA,NA,NA,NA
"Grand Isle",2013-05-01,53195,NA,NA,NA,NA
"Grand Isle",2013-06-01,53653,NA,NA,NA,NA
"Grand Isle",2013-07-01,54467,NA,NA,NA,NA
"Grand Isle",2013-08-01,55304,NA,NA,NA,NA
"Grand Isle",2013-09-01,55856,NA,NA,NA,NA
"Grand Isle",2013-10-01,56047,NA,NA,NA,NA
"Grand Isle",2013-11-01,56425,NA,NA,NA,NA
"Grand Isle",2013-12-01,56337,NA,NA,NA,NA
"Grand Isle",2014-01-01,56242,NA,NA,NA,NA
"Grand Isle",2014-02-01,55376,NA,NA,NA,NA
"Grand Isle",2014-03-01,54690,NA,NA,NA,NA
"Grand Isle",2014-04-01,53785,NA,NA,NA,NA
"Grand Isle",2014-05-01,53528,NA,NA,NA,NA
"Grand Isle",2014-06-01,53016,NA,NA,NA,NA
"Grand Isle",2014-07-01,52650,NA,NA,NA,NA
"Grand Isle",2014-08-01,52377,NA,NA,NA,NA
"Grand Isle",2014-09-01,52213,NA,NA,NA,NA
"Grand Isle",2014-10-01,51766,NA,NA,NA,NA
"Grand Isle",2014-11-01,50947,NA,NA,NA,NA
"Grand Isle",2014-12-01,50771,NA,NA,NA,NA
"Grand Isle",2015-01-01,50623,NA,NA,NA,NA
"Grand Isle",2015-02-01,50759,NA,NA,NA,NA
"Grand Isle",2015-03-01,50597,NA,NA,NA,NA
"Grand Isle",2015-04-01,50431,NA,NA,NA,NA
"Grand Isle",2015-05-01,49847,NA,NA,NA,NA
"Grand Isle",2015-06-01,48815,NA,NA,NA,NA
"Grand Isle",2015-07-01,47830,NA,NA,NA,NA
"Grand Isle",2015-08-01,47094,NA,NA,NA,NA
"Grand Isle",2015-09-01,46958,NA,NA,NA,NA
"Grand Isle",2015-10-01,47219,NA,NA,NA,NA
"Grand Isle",2015-11-01,48117,NA,NA,NA,NA
"Grand Isle",2015-12-01,48370,NA,NA,NA,NA
"Grand Isle",2016-01-01,48395,NA,NA,NA,NA
"Grand Isle",2016-02-01,48473,NA,NA,NA,NA
"Grand Isle",2016-03-01,49209,NA,NA,NA,NA
"Grand Isle",2016-04-01,50066,NA,NA,NA,NA
"Grand Isle",2016-05-01,50932,NA,NA,NA,NA
"Grand Isle",2016-06-01,52253,NA,NA,NA,NA
"Grand Isle",2016-07-01,53845,NA,NA,NA,NA
"Grand Isle",2016-08-01,55227,NA,NA,NA,NA
"Grand Isle",2016-09-01,56179,NA,NA,NA,NA
"Grand Isle",2016-10-01,56713,NA,NA,NA,NA
"Grand Isle",2016-11-01,56966,NA,NA,NA,NA
"Grand Isle",2016-12-01,57299,NA,NA,NA,NA
"Grand Isle",2017-01-01,58158,NA,NA,NA,NA
"Grand Isle",2017-02-01,58803,NA,NA,NA,NA
"Grand Isle",2017-03-01,59232,NA,NA,NA,NA
"Grand Isle",2017-04-01,59607,NA,NA,NA,NA
"Grand Isle",2017-05-01,60348,NA,NA,NA,NA
"Grand Isle",2017-06-01,61110,NA,NA,NA,NA
"Grand Isle",2017-07-01,61307,NA,NA,NA,NA
"Grand Isle",2017-08-01,61385,NA,NA,NA,NA
"Grand Isle",2017-09-01,61159,NA,NA,NA,NA
"Grand Isle",2017-10-01,61157,NA,NA,NA,NA
"Grand Isle",2017-11-01,61052,NA,NA,NA,NA
"Grand Isle",2017-12-01,61345,NA,NA,NA,NA
"Grand Isle",2018-01-01,61611,NA,NA,NA,NA
"Grand Isle",2018-02-01,61899,NA,NA,NA,NA
"Grand Isle",2018-03-01,62080,NA,NA,NA,NA
"Grand Isle",2018-04-01,62123,NA,NA,NA,NA
"Grand Isle",2018-05-01,62241,NA,NA,NA,NA
"Grand Isle",2018-06-01,62239,NA,NA,NA,NA
"Grand Isle",2018-07-01,62729,NA,NA,NA,NA
"Grand Isle",2018-08-01,63245,NA,NA,NA,NA
"Grand Isle",2018-09-01,64139,NA,NA,NA,NA
"Grand Isle",2018-10-01,64998,NA,NA,NA,NA
"Grand Isle",2018-11-01,65786,NA,NA,NA,NA
"Grand Isle",2018-12-01,66266,NA,NA,NA,NA
"Grand Isle",2019-01-01,66424,NA,NA,NA,NA
"Grand Isle",2019-02-01,66990,NA,NA,NA,NA
"Grand Isle",2019-03-01,67517,NA,NA,NA,NA
"Grand Isle",2019-04-01,67975,NA,NA,NA,NA
"Grand Isle",2019-05-01,68210,NA,NA,NA,NA
"Grand Isle",2019-06-01,69052,NA,NA,NA,NA
"Grand Isle",2019-07-01,69852,NA,NA,NA,NA
"Grand Isle",2019-08-01,70685,NA,NA,NA,NA
"Grand Isle",2019-09-01,71004,NA,NA,NA,NA
"Grand Isle",2019-10-01,71431,NA,NA,NA,NA
"Grand Isle",2019-11-01,71980,NA,NA,NA,NA
"Grand Isle",2019-12-01,72527,NA,NA,NA,NA
"Grand Isle",2020-01-01,73175,NA,NA,NA,NA
"Grand Isle",2020-02-01,73465,NA,NA,NA,NA
"Grand Isle",2020-03-01,73812,NA,NA,NA,NA
"Grand Isle",2020-04-01,74240,NA,NA,NA,NA
"Grand Isle",2020-05-01,74667,NA,NA,NA,NA
"Grand Isle",2020-06-01,76248,NA,NA,NA,NA
"Grand Isle",2020-07-01,76661,NA,NA,NA,NA
"Grand Isle",2020-08-01,69236,NA,NA,NA,NA
"Grand Isle",2020-09-01,70889,NA,NA,NA,NA
"Grand Isle",2020-10-01,72326,NA,NA,NA,NA
"Grand Isle",2020-11-01,72657,NA,NA,NA,NA
"Grand Isle",2020-12-01,81941,NA,NA,NA,NA
"Grand Isle",2021-01-01,84844,NA,NA,NA,NA
"Grand Isle",2021-02-01,85572,NA,NA,NA,NA
"Grand Isle",2021-03-01,87384,NA,NA,NA,NA
"Grand Isle",2021-04-01,85770,NA,NA,NA,NA
"Grand Isle",2021-05-01,87417,NA,NA,NA,NA
"Grand Isle",2021-06-01,90688,NA,NA,NA,NA
"Grand Isle",2021-07-01,93479,NA,NA,NA,NA
"Grand Isle",2021-08-01,96317,NA,NA,NA,NA
"Grand Isle",2021-09-01,101561,NA,NA,NA,NA
"Grand Isle",2021-10-01,104216,NA,NA,NA,NA
"Grand Isle",2021-11-01,105960,NA,NA,NA,NA
"Grand Isle",2021-12-01,106864,NA,NA,NA,NA
"Moore",2000-02-01,NA,NA,100,168.873333333333,4.52
"Moore",2000-03-01,NA,NA,100,168.873333333333,4.52
"Moore",2000-04-01,NA,NA,100,168.873333333333,4.52
"Moore",2000-05-01,NA,NA,100,168.873333333333,4.52
"Moore",2000-06-01,NA,NA,100,168.873333333333,4.52
"Moore",2000-07-01,NA,NA,100,168.873333333333,4.52
"Moore",2000-08-01,NA,NA,100,168.873333333333,4.52
"Moore",2000-09-01,NA,NA,100,168.873333333333,4.52
"Moore",2000-10-01,NA,NA,100,168.873333333333,4.52
"Moore",2000-11-01,NA,NA,100,168.873333333333,4.52
"Moore",2000-12-01,NA,NA,100,168.873333333333,4.52
"Moore",2001-01-01,NA,NA,104.856666666667,177.07,4.85666666666667
"Moore",2001-02-01,NA,NA,104.856666666667,177.07,4.85666666666667
"Moore",2001-03-01,NA,NA,104.856666666667,177.07,4.85666666666667
"Moore",2001-04-01,NA,NA,104.856666666667,177.07,4.85666666666667
"Moore",2001-05-01,NA,NA,104.856666666667,177.07,4.85666666666667
"Moore",2001-06-01,NA,NA,104.856666666667,177.07,4.85666666666667
"Moore",2001-07-01,NA,NA,104.856666666667,177.07,4.85666666666667
"Moore",2001-08-01,NA,NA,104.856666666667,177.07,4.85666666666667
"Moore",2001-09-01,NA,NA,104.856666666667,177.07,4.85666666666667
"Moore",2001-10-01,NA,NA,104.856666666667,177.07,4.85666666666667
"Moore",2001-11-01,NA,NA,104.856666666667,177.07,4.85666666666667
"Moore",2001-12-01,NA,NA,104.856666666667,177.07,4.85666666666667
"Moore",2002-01-01,NA,NA,109.206666666667,184.49,4.14666666666667
"Moore",2002-02-01,NA,NA,109.206666666667,184.49,4.14666666666667
"Moore",2002-03-01,NA,NA,109.206666666667,184.49,4.14666666666667
"Moore",2002-04-01,NA,NA,109.206666666667,184.49,4.14666666666667
"Moore",2002-05-01,NA,NA,109.206666666667,184.49,4.14666666666667
"Moore",2002-06-01,NA,NA,109.206666666667,184.49,4.14666666666667
"Moore",2002-07-01,NA,NA,109.206666666667,184.49,4.14666666666667
"Moore",2002-08-01,NA,NA,109.206666666667,184.49,4.14666666666667
"Moore",2002-09-01,NA,NA,109.206666666667,184.49,4.14666666666667
"Moore",2002-10-01,NA,NA,109.206666666667,184.49,4.14666666666667
"Moore",2002-11-01,NA,NA,109.206666666667,184.49,4.14666666666667
"Moore",2002-12-01,NA,NA,109.206666666667,184.49,4.14666666666667
"Moore",2003-01-01,NA,NA,111.92,189.52,2.49333333333333
"Moore",2003-02-01,NA,NA,111.92,189.52,2.49333333333333
"Moore",2003-03-01,NA,NA,111.92,189.52,2.49333333333333
"Moore",2003-04-01,NA,NA,111.92,189.52,2.49333333333333
"Moore",2003-05-01,NA,NA,111.92,189.52,2.49333333333333
"Moore",2003-06-01,NA,NA,111.92,189.52,2.49333333333333
"Moore",2003-07-01,NA,NA,111.92,189.52,2.49333333333333
"Moore",2003-08-01,NA,NA,111.92,189.52,2.49333333333333
"Moore",2003-09-01,NA,NA,111.92,189.52,2.49333333333333
"Moore",2003-10-01,NA,NA,111.92,189.52,2.49333333333333
"Moore",2003-11-01,61782,NA,111.92,189.52,2.49333333333333
"Moore",2003-12-01,62190,NA,111.92,189.52,2.49333333333333
"Moore",2004-01-01,62636,NA,118.05,199.88,5.46666666666667
"Moore",2004-02-01,63624,NA,118.05,199.88,5.46666666666667
"Moore",2004-03-01,65118,NA,118.05,199.88,5.46666666666667
"Moore",2004-04-01,66897,NA,118.05,199.88,5.46666666666667
"Moore",2004-05-01,68678,NA,118.05,199.88,5.46666666666667
"Moore",2004-06-01,70593,NA,118.05,199.88,5.46666666666667
"Moore",2004-07-01,72145,NA,118.05,199.88,5.46666666666667
"Moore",2004-08-01,73498,NA,118.05,199.88,5.46666666666667
"Moore",2004-09-01,74028,NA,118.05,199.88,5.46666666666667
"Moore",2004-10-01,74048,NA,118.05,199.88,5.46666666666667
"Moore",2004-11-01,73585,NA,118.05,199.88,5.46666666666667
"Moore",2004-12-01,73437,NA,118.05,199.88,5.46666666666667
"Moore",2005-01-01,73707,NA,124.466666666667,210.656666666667,5.41
"Moore",2005-02-01,74062,NA,124.466666666667,210.656666666667,5.41
"Moore",2005-03-01,73581,NA,124.466666666667,210.656666666667,5.41
"Moore",2005-04-01,72732,NA,124.466666666667,210.656666666667,5.41
"Moore",2005-05-01,71625,NA,124.466666666667,210.656666666667,5.41
"Moore",2005-06-01,70400,NA,124.466666666667,210.656666666667,5.41
"Moore",2005-07-01,69242,NA,124.466666666667,210.656666666667,5.41
"Moore",2005-08-01,68676,NA,124.466666666667,210.656666666667,5.41
"Moore",2005-09-01,68865,NA,124.466666666667,210.656666666667,5.41
"Moore",2005-10-01,69994,NA,124.466666666667,210.656666666667,5.41
"Moore",2005-11-01,71898,NA,124.466666666667,210.656666666667,5.41
"Moore",2005-12-01,73909,NA,124.466666666667,210.656666666667,5.41
"Moore",2006-01-01,75695,NA,129.1,219.013333333333,3.76
"Moore",2006-02-01,77310,NA,129.1,219.013333333333,3.76
"Moore",2006-03-01,78623,NA,129.1,219.013333333333,3.76
"Moore",2006-04-01,79444,NA,129.1,219.013333333333,3.76
"Moore",2006-05-01,80583,NA,129.1,219.013333333333,3.76
"Moore",2006-06-01,81408,NA,129.1,219.013333333333,3.76
"Moore",2006-07-01,82954,NA,129.1,219.013333333333,3.76
"Moore",2006-08-01,83877,NA,129.1,219.013333333333,3.76
"Moore",2006-09-01,85018,NA,129.1,219.013333333333,3.76
"Moore",2006-10-01,85157,NA,129.1,219.013333333333,3.76
"Moore",2006-11-01,84724,NA,129.1,219.013333333333,3.76
"Moore",2006-12-01,84384,NA,129.1,219.013333333333,3.76
"Moore",2007-01-01,84115,NA,132.76,225.216666666667,2.83333333333333
"Moore",2007-02-01,83778,NA,132.76,225.216666666667,2.83333333333333
"Moore",2007-03-01,83436,NA,132.76,225.216666666667,2.83333333333333
"Moore",2007-04-01,83304,NA,132.76,225.216666666667,2.83333333333333
"Moore",2007-05-01,82912,NA,132.76,225.216666666667,2.83333333333333
"Moore",2007-06-01,82746,NA,132.76,225.216666666667,2.83333333333333
"Moore",2007-07-01,82402,NA,132.76,225.216666666667,2.83333333333333
"Moore",2007-08-01,81726,NA,132.76,225.216666666667,2.83333333333333
"Moore",2007-09-01,81696,NA,132.76,225.216666666667,2.83333333333333
"Moore",2007-10-01,82144,NA,132.76,225.216666666667,2.83333333333333
"Moore",2007-11-01,82462,NA,132.76,225.216666666667,2.83333333333333
"Moore",2007-12-01,81384,NA,132.76,225.216666666667,2.83333333333333
"Moore",2008-01-01,79524,NA,135.056666666667,228.3,1.72666666666667
"Moore",2008-02-01,78166,NA,135.056666666667,228.3,1.72666666666667
"Moore",2008-03-01,77098,NA,135.056666666667,228.3,1.72666666666667
"Moore",2008-04-01,76206,NA,135.056666666667,228.3,1.72666666666667
"Moore",2008-05-01,75651,NA,135.056666666667,228.3,1.72666666666667
"Moore",2008-06-01,75201,NA,135.056666666667,228.3,1.72666666666667
"Moore",2008-07-01,74454,NA,135.056666666667,228.3,1.72666666666667
"Moore",2008-08-01,74138,NA,135.056666666667,228.3,1.72666666666667
"Moore",2008-09-01,72985,NA,135.056666666667,228.3,1.72666666666667
"Moore",2008-10-01,71716,NA,135.056666666667,228.3,1.72666666666667
"Moore",2008-11-01,70532,NA,135.056666666667,228.3,1.72666666666667
"Moore",2008-12-01,69994,NA,135.056666666667,228.3,1.72666666666667
"Moore",2009-01-01,70385,NA,133.74,226.43,-0.92
"Moore",2009-02-01,70773,NA,133.74,226.43,-0.92
"Moore",2009-03-01,71727,NA,133.74,226.43,-0.92
"Moore",2009-04-01,72583,NA,133.74,226.43,-0.92
"Moore",2009-05-01,72812,NA,133.74,226.43,-0.92
"Moore",2009-06-01,72445,NA,133.74,226.43,-0.92
"Moore",2009-07-01,71097,NA,133.74,226.43,-0.92
"Moore",2009-08-01,69531,NA,133.74,226.43,-0.92
"Moore",2009-09-01,67649,NA,133.74,226.43,-0.92
"Moore",2009-10-01,67186,NA,133.74,226.43,-0.92
"Moore",2009-11-01,66602,NA,133.74,226.43,-0.92
"Moore",2009-12-01,66483,NA,133.74,226.43,-0.92
"Moore",2010-01-01,65213,NA,135.98,230.52,1.63666666666667
"Moore",2010-02-01,63600,NA,135.98,230.52,1.63666666666667
"Moore",2010-03-01,61563,NA,135.98,230.52,1.63666666666667
"Moore",2010-04-01,59705,NA,135.98,230.52,1.63666666666667
"Moore",2010-05-01,58475,NA,135.98,230.52,1.63666666666667
"Moore",2010-06-01,57787,NA,135.98,230.52,1.63666666666667
"Moore",2010-07-01,58150,NA,135.98,230.52,1.63666666666667
"Moore",2010-08-01,58247,NA,135.98,230.52,1.63666666666667
"Moore",2010-09-01,58909,NA,135.98,230.52,1.63666666666667
"Moore",2010-10-01,58032,NA,135.98,230.52,1.63666666666667
"Moore",2010-11-01,57631,NA,135.98,230.52,1.63666666666667
"Moore",2010-12-01,56876,NA,135.98,230.52,1.63666666666667
"Moore",2011-01-01,56889,NA,132.353333333333,224.376666666667,-2.64333333333333
"Moore",2011-02-01,56994,NA,132.353333333333,224.376666666667,-2.64333333333333
"Moore",2011-03-01,57328,NA,132.353333333333,224.376666666667,-2.64333333333333
"Moore",2011-04-01,57555,NA,132.353333333333,224.376666666667,-2.64333333333333
"Moore",2011-05-01,57530,NA,132.353333333333,224.376666666667,-2.64333333333333
"Moore",2011-06-01,57175,NA,132.353333333333,224.376666666667,-2.64333333333333
"Moore",2011-07-01,56711,NA,132.353333333333,224.376666666667,-2.64333333333333
"Moore",2011-08-01,56646,NA,132.353333333333,224.376666666667,-2.64333333333333
"Moore",2011-09-01,55884,NA,132.353333333333,224.376666666667,-2.64333333333333
"Moore",2011-10-01,55468,NA,132.353333333333,224.376666666667,-2.64333333333333
"Moore",2011-11-01,54531,NA,132.353333333333,224.376666666667,-2.64333333333333
"Moore",2011-12-01,54520,NA,132.353333333333,224.376666666667,-2.64333333333333
"Moore",2012-01-01,54138,NA,133.923333333333,226.923333333333,1.15333333333333
"Moore",2012-02-01,54554,NA,133.923333333333,226.923333333333,1.15333333333333
"Moore",2012-03-01,54262,NA,133.923333333333,226.923333333333,1.15333333333333
"Moore",2012-04-01,54300,NA,133.923333333333,226.923333333333,1.15333333333333
"Moore",2012-05-01,53547,NA,133.923333333333,226.923333333333,1.15333333333333
"Moore",2012-06-01,52697,NA,133.923333333333,226.923333333333,1.15333333333333
"Moore",2012-07-01,51328,NA,133.923333333333,226.923333333333,1.15333333333333
"Moore",2012-08-01,50056,NA,133.923333333333,226.923333333333,1.15333333333333
"Moore",2012-09-01,49469,NA,133.923333333333,226.923333333333,1.15333333333333
"Moore",2012-10-01,48651,NA,133.923333333333,226.923333333333,1.15333333333333
"Moore",2012-11-01,48150,NA,133.923333333333,226.923333333333,1.15333333333333
"Moore",2012-12-01,47104,NA,133.923333333333,226.923333333333,1.15333333333333
"Moore",2013-01-01,46733,NA,140.253333333333,236.696666666667,4.75666666666667
"Moore",2013-02-01,45845,NA,140.253333333333,236.696666666667,4.75666666666667
"Moore",2013-03-01,45120,NA,140.253333333333,236.696666666667,4.75666666666667
"Moore",2013-04-01,44538,NA,140.253333333333,236.696666666667,4.75666666666667
"Moore",2013-05-01,44759,NA,140.253333333333,236.696666666667,4.75666666666667
"Moore",2013-06-01,45369,NA,140.253333333333,236.696666666667,4.75666666666667
"Moore",2013-07-01,45868,NA,140.253333333333,236.696666666667,4.75666666666667
"Moore",2013-08-01,45915,NA,140.253333333333,236.696666666667,4.75666666666667
"Moore",2013-09-01,45794,NA,140.253333333333,236.696666666667,4.75666666666667
"Moore",2013-10-01,46210,NA,140.253333333333,236.696666666667,4.75666666666667
"Moore",2013-11-01,46691,NA,140.253333333333,236.696666666667,4.75666666666667
"Moore",2013-12-01,46798,NA,140.253333333333,236.696666666667,4.75666666666667
"Moore",2014-01-01,46823,NA,144.913333333333,246.333333333333,3.35666666666667
"Moore",2014-02-01,46361,NA,144.913333333333,246.333333333333,3.35666666666667
"Moore",2014-03-01,46467,NA,144.913333333333,246.333333333333,3.35666666666667
"Moore",2014-04-01,45846,NA,144.913333333333,246.333333333333,3.35666666666667
"Moore",2014-05-01,45630,NA,144.913333333333,246.333333333333,3.35666666666667
"Moore",2014-06-01,45178,NA,144.913333333333,246.333333333333,3.35666666666667
"Moore",2014-07-01,45309,NA,144.913333333333,246.333333333333,3.35666666666667
"Moore",2014-08-01,45683,NA,144.913333333333,246.333333333333,3.35666666666667
"Moore",2014-09-01,45917,NA,144.913333333333,246.333333333333,3.35666666666667
"Moore",2014-10-01,45932,NA,144.913333333333,246.333333333333,3.35666666666667
"Moore",2014-11-01,45172,NA,144.913333333333,246.333333333333,3.35666666666667
"Moore",2014-12-01,45155,NA,144.913333333333,246.333333333333,3.35666666666667
"Moore",2015-01-01,44817,NA,147.853333333333,250.68,2.1
"Moore",2015-02-01,45472,NA,147.853333333333,250.68,2.1
"Moore",2015-03-01,45924,NA,147.853333333333,250.68,2.1
"Moore",2015-04-01,46876,NA,147.853333333333,250.68,2.1
"Moore",2015-05-01,47216,NA,147.853333333333,250.68,2.1
"Moore",2015-06-01,47643,NA,147.853333333333,250.68,2.1
"Moore",2015-07-01,47979,NA,147.853333333333,250.68,2.1
"Moore",2015-08-01,48385,NA,147.853333333333,250.68,2.1
"Moore",2015-09-01,48532,NA,147.853333333333,250.68,2.1
"Moore",2015-10-01,48951,NA,147.853333333333,250.68,2.1
"Moore",2015-11-01,50432,NA,147.853333333333,250.68,2.1
"Moore",2015-12-01,51345,NA,147.853333333333,250.68,2.1
"Moore",2016-01-01,51838,NA,150.53,254.973333333333,1.80333333333333
"Moore",2016-02-01,51673,NA,150.53,254.973333333333,1.80333333333333
"Moore",2016-03-01,51879,NA,150.53,254.973333333333,1.80333333333333
"Moore",2016-04-01,52272,NA,150.53,254.973333333333,1.80333333333333
"Moore",2016-05-01,53081,NA,150.53,254.973333333333,1.80333333333333
"Moore",2016-06-01,53865,NA,150.53,254.973333333333,1.80333333333333
"Moore",2016-07-01,54681,NA,150.53,254.973333333333,1.80333333333333
"Moore",2016-08-01,55015,NA,150.53,254.973333333333,1.80333333333333
"Moore",2016-09-01,55747,NA,150.53,254.973333333333,1.80333333333333
"Moore",2016-10-01,56294,NA,150.53,254.973333333333,1.80333333333333
"Moore",2016-11-01,56788,NA,150.53,254.973333333333,1.80333333333333
"Moore",2016-12-01,57400,NA,150.53,254.973333333333,1.80333333333333
"Moore",2017-01-01,58653,NA,155.976666666667,264.25,3.56666666666667
"Moore",2017-02-01,59993,NA,155.976666666667,264.25,3.56666666666667
"Moore",2017-03-01,61134,NA,155.976666666667,264.25,3.56666666666667
"Moore",2017-04-01,61834,NA,155.976666666667,264.25,3.56666666666667
"Moore",2017-05-01,62292,NA,155.976666666667,264.25,3.56666666666667
"Moore",2017-06-01,63022,NA,155.976666666667,264.25,3.56666666666667
"Moore",2017-07-01,63802,NA,155.976666666667,264.25,3.56666666666667
"Moore",2017-08-01,65418,NA,155.976666666667,264.25,3.56666666666667
"Moore",2017-09-01,66921,NA,155.976666666667,264.25,3.56666666666667
"Moore",2017-10-01,67716,NA,155.976666666667,264.25,3.56666666666667
"Moore",2017-11-01,67716,NA,155.976666666667,264.25,3.56666666666667
"Moore",2017-12-01,67889,NA,155.976666666667,264.25,3.56666666666667
"Moore",2018-01-01,68815,NA,160.403333333333,271.936666666667,2.89
"Moore",2018-02-01,70104,NA,160.403333333333,271.936666666667,2.89
"Moore",2018-03-01,70875,NA,160.403333333333,271.936666666667,2.89
"Moore",2018-04-01,71557,NA,160.403333333333,271.936666666667,2.89
"Moore",2018-05-01,72091,NA,160.403333333333,271.936666666667,2.89
"Moore",2018-06-01,72085,NA,160.403333333333,271.936666666667,2.89
"Moore",2018-07-01,71542,NA,160.403333333333,271.936666666667,2.89
"Moore",2018-08-01,70644,NA,160.403333333333,271.936666666667,2.89
"Moore",2018-09-01,70372,NA,160.403333333333,271.936666666667,2.89
"Moore",2018-10-01,70802,NA,160.403333333333,271.936666666667,2.89
"Moore",2018-11-01,71999,NA,160.403333333333,271.936666666667,2.89
"Moore",2018-12-01,73541,NA,160.403333333333,271.936666666667,2.89
"Moore",2019-01-01,74678,NA,166.216666666667,281.86,3.53
"Moore",2019-02-01,75266,NA,166.216666666667,281.86,3.53
"Moore",2019-03-01,75784,NA,166.216666666667,281.86,3.53
"Moore",2019-04-01,76086,NA,166.216666666667,281.86,3.53
"Moore",2019-05-01,76012,NA,166.216666666667,281.86,3.53
"Moore",2019-06-01,76375,NA,166.216666666667,281.86,3.53
"Moore",2019-07-01,77049,NA,166.216666666667,281.86,3.53
"Moore",2019-08-01,78046,NA,166.216666666667,281.86,3.53
"Moore",2019-09-01,78138,NA,166.216666666667,281.86,3.53
"Moore",2019-10-01,78422,NA,166.216666666667,281.86,3.53
"Moore",2019-11-01,78544,NA,166.216666666667,281.86,3.53
"Moore",2019-12-01,78384,NA,166.216666666667,281.86,3.53
"Moore",2020-01-01,78114,NA,175.313333333333,297.64,5.60666666666667
"Moore",2020-02-01,78208,NA,175.313333333333,297.64,5.60666666666667
"Moore",2020-03-01,78758,NA,175.313333333333,297.64,5.60666666666667
"Moore",2020-04-01,79699,NA,175.313333333333,297.64,5.60666666666667
"Moore",2020-05-01,81117,NA,175.313333333333,297.64,5.60666666666667
"Moore",2020-06-01,82600,NA,175.313333333333,297.64,5.60666666666667
"Moore",2020-07-01,81953,NA,175.313333333333,297.64,5.60666666666667
"Moore",2020-08-01,80297,NA,175.313333333333,297.64,5.60666666666667
"Moore",2020-09-01,82878,NA,175.313333333333,297.64,5.60666666666667
"Moore",2020-10-01,91198,NA,175.313333333333,297.64,5.60666666666667
"Moore",2020-11-01,92018,NA,175.313333333333,297.64,5.60666666666667
"Moore",2020-12-01,94174,NA,175.313333333333,297.64,5.60666666666667
"Moore",2021-01-01,97623,NA,188.88,321.4,7.67333333333333
"Moore",2021-02-01,100303,NA,188.88,321.4,7.67333333333333
"Moore",2021-03-01,97810,NA,188.88,321.4,7.67333333333333
"Moore",2021-04-01,98294,NA,188.88,321.4,7.67333333333333
"Moore",2021-05-01,100329,NA,188.88,321.4,7.67333333333333
"Moore",2021-06-01,98617,NA,188.88,321.4,7.67333333333333
"Moore",2021-07-01,101290,NA,188.88,321.4,7.67333333333333
"Moore",2021-08-01,104135,NA,188.88,321.4,7.67333333333333
"Moore",2021-09-01,110874,NA,188.88,321.4,7.67333333333333
"Moore",2021-10-01,112334,NA,188.88,321.4,7.67333333333333
"Moore",2021-11-01,114601,NA,188.88,321.4,7.67333333333333
"Moore",2021-12-01,117688,NA,188.88,321.4,7.67333333333333
"New Orleans",2000-02-01,126336.7,NA,100,179.692941176471,9.74529411764706
"New Orleans",2000-03-01,126716.3,NA,100,179.692941176471,9.74529411764706
"New Orleans",2000-04-01,127090.5,NA,100,179.692941176471,9.74529411764706
"New Orleans",2000-05-01,127440.1,NA,100,179.692941176471,9.74529411764706
"New Orleans",2000-06-01,127757.8,NA,100,179.692941176471,9.74529411764706
"New Orleans",2000-07-01,127887.9,NA,100,179.692941176471,9.74529411764706
"New Orleans",2000-08-01,127891.3,NA,100,179.692941176471,9.74529411764706
"New Orleans",2000-09-01,127709.2,NA,100,179.692941176471,9.74529411764706
"New Orleans",2000-10-01,127932.1,NA,100,179.692941176471,9.74529411764706
"New Orleans",2000-11-01,128627.2,NA,100,179.692941176471,9.74529411764706
"New Orleans",2000-12-01,129627.1,NA,100,179.692941176471,9.74529411764706
"New Orleans",2001-01-01,121756.909090909,NA,106.656470588235,191.801764705882,6.65647058823529
"New Orleans",2001-02-01,122461.090909091,NA,106.656470588235,191.801764705882,6.65647058823529
"New Orleans",2001-03-01,122898.545454545,NA,106.656470588235,191.801764705882,6.65647058823529
"New Orleans",2001-04-01,123407.090909091,NA,106.656470588235,191.801764705882,6.65647058823529
"New Orleans",2001-05-01,124019.454545455,NA,106.656470588235,191.801764705882,6.65647058823529
"New Orleans",2001-06-01,124974.363636364,NA,106.656470588235,191.801764705882,6.65647058823529
"New Orleans",2001-07-01,125860.454545455,NA,106.656470588235,191.801764705882,6.65647058823529
"New Orleans",2001-08-01,126455.909090909,NA,106.656470588235,191.801764705882,6.65647058823529
"New Orleans",2001-09-01,126974.545454545,NA,106.656470588235,191.801764705882,6.65647058823529
"New Orleans",2001-10-01,127408.272727273,NA,106.656470588235,191.801764705882,6.65647058823529
"New Orleans",2001-11-01,127703.363636364,NA,106.656470588235,191.801764705882,6.65647058823529
"New Orleans",2001-12-01,127871.181818182,NA,106.656470588235,191.801764705882,6.65647058823529
"New Orleans",2002-01-01,128171.818181818,NA,112.065294117647,201.647058823529,5.05176470588235
"New Orleans",2002-02-01,128483.454545455,NA,112.065294117647,201.647058823529,5.05176470588235
"New Orleans",2002-03-01,128957.454545455,NA,112.065294117647,201.647058823529,5.05176470588235
"New Orleans",2002-04-01,129460.181818182,NA,112.065294117647,201.647058823529,5.05176470588235
"New Orleans",2002-05-01,130080.818181818,NA,112.065294117647,201.647058823529,5.05176470588235
"New Orleans",2002-06-01,130417.636363636,NA,112.065294117647,201.647058823529,5.05176470588235
"New Orleans",2002-07-01,130684.727272727,NA,112.065294117647,201.647058823529,5.05176470588235
"New Orleans",2002-08-01,130978.727272727,NA,112.065294117647,201.647058823529,5.05176470588235
"New Orleans",2002-09-01,131264.545454545,NA,112.065294117647,201.647058823529,5.05176470588235
"New Orleans",2002-10-01,131675.818181818,NA,112.065294117647,201.647058823529,5.05176470588235
"New Orleans",2002-11-01,131970.454545455,NA,112.065294117647,201.647058823529,5.05176470588235
"New Orleans",2002-12-01,132196,NA,112.065294117647,201.647058823529,5.05176470588235
"New Orleans",2003-01-01,132244.545454545,NA,118.665294117647,213.389411764706,5.89294117647059
"New Orleans",2003-02-01,132461.090909091,NA,118.665294117647,213.389411764706,5.89294117647059
"New Orleans",2003-03-01,132863.636363636,NA,118.665294117647,213.389411764706,5.89294117647059
"New Orleans",2003-04-01,133093.818181818,NA,118.665294117647,213.389411764706,5.89294117647059
"New Orleans",2003-05-01,133053.454545455,NA,118.665294117647,213.389411764706,5.89294117647059
"New Orleans",2003-06-01,132691.636363636,NA,118.665294117647,213.389411764706,5.89294117647059
"New Orleans",2003-07-01,132473.636363636,NA,118.665294117647,213.389411764706,5.89294117647059
"New Orleans",2003-08-01,132205.909090909,NA,118.665294117647,213.389411764706,5.89294117647059
"New Orleans",2003-09-01,132135.636363636,NA,118.665294117647,213.389411764706,5.89294117647059
"New Orleans",2003-10-01,132084.909090909,NA,118.665294117647,213.389411764706,5.89294117647059
"New Orleans",2003-11-01,132494,NA,118.665294117647,213.389411764706,5.89294117647059
"New Orleans",2003-12-01,132953.636363636,NA,118.665294117647,213.389411764706,5.89294117647059
"New Orleans",2004-01-01,133250.090909091,NA,129.476470588235,232.570588235294,9.00941176470588
"New Orleans",2004-02-01,133222.090909091,NA,129.476470588235,232.570588235294,9.00941176470588
"New Orleans",2004-03-01,133199.090909091,NA,129.476470588235,232.570588235294,9.00941176470588
"New Orleans",2004-04-01,133448.090909091,NA,129.476470588235,232.570588235294,9.00941176470588
"New Orleans",2004-05-01,133807.545454545,NA,129.476470588235,232.570588235294,9.00941176470588
"New Orleans",2004-06-01,134456.090909091,NA,129.476470588235,232.570588235294,9.00941176470588
"New Orleans",2004-07-01,135343.272727273,NA,129.476470588235,232.570588235294,9.00941176470588
"New Orleans",2004-08-01,136241.181818182,NA,129.476470588235,232.570588235294,9.00941176470588
"New Orleans",2004-09-01,137187.363636364,NA,129.476470588235,232.570588235294,9.00941176470588
"New Orleans",2004-10-01,137763.363636364,NA,129.476470588235,232.570588235294,9.00941176470588
"New Orleans",2004-11-01,138071.181818182,NA,129.476470588235,232.570588235294,9.00941176470588
"New Orleans",2004-12-01,138469.181818182,NA,129.476470588235,232.570588235294,9.00941176470588
"New Orleans",2005-01-01,139141.090909091,NA,139.584117647059,250.793529411765,7.76764705882353
"New Orleans",2005-02-01,140283,NA,139.584117647059,250.793529411765,7.76764705882353
"New Orleans",2005-03-01,139616.166666667,NA,139.584117647059,250.793529411765,7.76764705882353
"New Orleans",2005-04-01,140385.916666667,NA,139.584117647059,250.793529411765,7.76764705882353
"New Orleans",2005-05-01,141018.083333333,NA,139.584117647059,250.793529411765,7.76764705882353
"New Orleans",2005-06-01,141547.583333333,NA,139.584117647059,250.793529411765,7.76764705882353
"New Orleans",2005-07-01,141852.916666667,NA,139.584117647059,250.793529411765,7.76764705882353
"New Orleans",2005-08-01,142563.166666667,NA,139.584117647059,250.793529411765,7.76764705882353
"New Orleans",2005-09-01,143570.583333333,NA,139.584117647059,250.793529411765,7.76764705882353
"New Orleans",2005-10-01,145113.666666667,NA,139.584117647059,250.793529411765,7.76764705882353
"New Orleans",2005-11-01,146412.25,NA,139.584117647059,250.793529411765,7.76764705882353
"New Orleans",2005-12-01,147724.083333333,NA,139.584117647059,250.793529411765,7.76764705882353
"New Orleans",2006-01-01,148876.583333333,NA,149.872352941176,269.847647058824,7.33294117647059
"New Orleans",2006-02-01,150109.5,NA,149.872352941176,269.847647058824,7.33294117647059
"New Orleans",2006-03-01,151277.833333333,NA,149.872352941176,269.847647058824,7.33294117647059
"New Orleans",2006-04-01,152490.083333333,NA,149.872352941176,269.847647058824,7.33294117647059
"New Orleans",2006-05-01,153933.083333333,NA,149.872352941176,269.847647058824,7.33294117647059
"New Orleans",2006-06-01,155607.916666667,NA,149.872352941176,269.847647058824,7.33294117647059
"New Orleans",2006-07-01,157383.333333333,NA,149.872352941176,269.847647058824,7.33294117647059
"New Orleans",2006-08-01,158652.666666667,NA,149.872352941176,269.847647058824,7.33294117647059
"New Orleans",2006-09-01,159656.083333333,NA,149.872352941176,269.847647058824,7.33294117647059
"New Orleans",2006-10-01,160425.5,NA,149.872352941176,269.847647058824,7.33294117647059
"New Orleans",2006-11-01,161760.916666667,NA,149.872352941176,269.847647058824,7.33294117647059
"New Orleans",2006-12-01,162894,NA,149.872352941176,269.847647058824,7.33294117647059
"New Orleans",2007-01-01,162343.538461538,NA,155.217058823529,279.350588235294,3.93941176470588
"New Orleans",2007-02-01,162807,NA,155.217058823529,279.350588235294,3.93941176470588
"New Orleans",2007-03-01,163654.153846154,NA,155.217058823529,279.350588235294,3.93941176470588
"New Orleans",2007-04-01,164482.692307692,NA,155.217058823529,279.350588235294,3.93941176470588
"New Orleans",2007-05-01,165273.769230769,NA,155.217058823529,279.350588235294,3.93941176470588
"New Orleans",2007-06-01,165822.923076923,NA,155.217058823529,279.350588235294,3.93941176470588
"New Orleans",2007-07-01,166397.769230769,NA,155.217058823529,279.350588235294,3.93941176470588
"New Orleans",2007-08-01,167493.769230769,NA,155.217058823529,279.350588235294,3.93941176470588
"New Orleans",2007-09-01,168665.076923077,NA,155.217058823529,279.350588235294,3.93941176470588
"New Orleans",2007-10-01,169612.384615385,NA,155.217058823529,279.350588235294,3.93941176470588
"New Orleans",2007-11-01,169983.923076923,NA,155.217058823529,279.350588235294,3.93941176470588
"New Orleans",2007-12-01,170239.923076923,NA,155.217058823529,279.350588235294,3.93941176470588
"New Orleans",2008-01-01,170462.615384615,NA,153.346470588235,275.764705882353,-1.04352941176471
"New Orleans",2008-02-01,171120.307692308,NA,153.346470588235,275.764705882353,-1.04352941176471
"New Orleans",2008-03-01,171431.692307692,NA,153.346470588235,275.764705882353,-1.04352941176471
"New Orleans",2008-04-01,171858.461538462,NA,153.346470588235,275.764705882353,-1.04352941176471
"New Orleans",2008-05-01,171983.384615385,NA,153.346470588235,275.764705882353,-1.04352941176471
"New Orleans",2008-06-01,172332.230769231,NA,153.346470588235,275.764705882353,-1.04352941176471
"New Orleans",2008-07-01,172363.153846154,NA,153.346470588235,275.764705882353,-1.04352941176471
"New Orleans",2008-08-01,171947.461538462,NA,153.346470588235,275.764705882353,-1.04352941176471
"New Orleans",2008-09-01,171215.384615385,NA,153.346470588235,275.764705882353,-1.04352941176471
"New Orleans",2008-10-01,170659.692307692,NA,153.346470588235,275.764705882353,-1.04352941176471
"New Orleans",2008-11-01,170409.230769231,NA,153.346470588235,275.764705882353,-1.04352941176471
"New Orleans",2008-12-01,170139,NA,153.346470588235,275.764705882353,-1.04352941176471
"New Orleans",2009-01-01,169562.461538462,NA,152.782941176471,274.407647058824,-0.405294117647059
"New Orleans",2009-02-01,168684.692307692,NA,152.782941176471,274.407647058824,-0.405294117647059
"New Orleans",2009-03-01,167931.307692308,NA,152.782941176471,274.407647058824,-0.405294117647059
"New Orleans",2009-04-01,167119.153846154,NA,152.782941176471,274.407647058824,-0.405294117647059
"New Orleans",2009-05-01,166299.615384615,NA,152.782941176471,274.407647058824,-0.405294117647059
"New Orleans",2009-06-01,165055.307692308,NA,152.782941176471,274.407647058824,-0.405294117647059
"New Orleans",2009-07-01,163843,NA,152.782941176471,274.407647058824,-0.405294117647059
"New Orleans",2009-08-01,162606.692307692,NA,152.782941176471,274.407647058824,-0.405294117647059
"New Orleans",2009-09-01,161554.076923077,NA,152.782941176471,274.407647058824,-0.405294117647059
"New Orleans",2009-10-01,160602.153846154,NA,152.782941176471,274.407647058824,-0.405294117647059
"New Orleans",2009-11-01,159652.384615385,NA,152.782941176471,274.407647058824,-0.405294117647059
"New Orleans",2009-12-01,159067.307692308,NA,152.782941176471,274.407647058824,-0.405294117647059
"New Orleans",2010-01-01,158888.692307692,NA,148.926470588235,267.615294117647,-2.61176470588235
"New Orleans",2010-02-01,158602.230769231,NA,148.926470588235,267.615294117647,-2.61176470588235
"New Orleans",2010-03-01,158097.384615385,NA,148.926470588235,267.615294117647,-2.61176470588235
"New Orleans",2010-04-01,157114.769230769,NA,148.926470588235,267.615294117647,-2.61176470588235
"New Orleans",2010-05-01,156651.538461538,NA,148.926470588235,267.615294117647,-2.61176470588235
"New Orleans",2010-06-01,156514.076923077,NA,148.926470588235,267.615294117647,-2.61176470588235
"New Orleans",2010-07-01,156323.384615385,NA,148.926470588235,267.615294117647,-2.61176470588235
"New Orleans",2010-08-01,155950.692307692,NA,148.926470588235,267.615294117647,-2.61176470588235
"New Orleans",2010-09-01,155361.076923077,NA,148.926470588235,267.615294117647,-2.61176470588235
"New Orleans",2010-10-01,154719.153846154,NA,148.926470588235,267.615294117647,-2.61176470588235
"New Orleans",2010-11-01,154075.076923077,NA,148.926470588235,267.615294117647,-2.61176470588235
"New Orleans",2010-12-01,153226.230769231,NA,148.926470588235,267.615294117647,-2.61176470588235
"New Orleans",2011-01-01,152537.769230769,NA,149.76,269.310588235294,0.425882352941176
"New Orleans",2011-02-01,151952.538461538,NA,149.76,269.310588235294,0.425882352941176
"New Orleans",2011-03-01,151407.692307692,NA,149.76,269.310588235294,0.425882352941176
"New Orleans",2011-04-01,150880.461538462,NA,149.76,269.310588235294,0.425882352941176
"New Orleans",2011-05-01,150050.923076923,NA,149.76,269.310588235294,0.425882352941176
"New Orleans",2011-06-01,149117,NA,149.76,269.310588235294,0.425882352941176
"New Orleans",2011-07-01,148470.538461538,NA,149.76,269.310588235294,0.425882352941176
"New Orleans",2011-08-01,147997.307692308,NA,149.76,269.310588235294,0.425882352941176
"New Orleans",2011-09-01,147775.076923077,NA,149.76,269.310588235294,0.425882352941176
"New Orleans",2011-10-01,146449.571428571,NA,149.76,269.310588235294,0.425882352941176
"New Orleans",2011-11-01,145807,NA,149.76,269.310588235294,0.425882352941176
"New Orleans",2011-12-01,145061,NA,149.76,269.310588235294,0.425882352941176
"New Orleans",2012-01-01,143860.142857143,NA,151.081764705882,271.901176470588,0.474117647058823
"New Orleans",2012-02-01,143036.071428571,NA,151.081764705882,271.901176470588,0.474117647058823
"New Orleans",2012-03-01,142531.785714286,NA,151.081764705882,271.901176470588,0.474117647058823
"New Orleans",2012-04-01,142549.214285714,NA,151.081764705882,271.901176470588,0.474117647058823
"New Orleans",2012-05-01,142497.142857143,NA,151.081764705882,271.901176470588,0.474117647058823
"New Orleans",2012-06-01,142494.928571429,NA,151.081764705882,271.901176470588,0.474117647058823
"New Orleans",2012-07-01,142342.785714286,NA,151.081764705882,271.901176470588,0.474117647058823
"New Orleans",2012-08-01,142258.357142857,NA,151.081764705882,271.901176470588,0.474117647058823
"New Orleans",2012-09-01,141938.642857143,NA,151.081764705882,271.901176470588,0.474117647058823
"New Orleans",2012-10-01,141755.142857143,NA,151.081764705882,271.901176470588,0.474117647058823
"New Orleans",2012-11-01,141788.857142857,NA,151.081764705882,271.901176470588,0.474117647058823
"New Orleans",2012-12-01,141941.214285714,NA,151.081764705882,271.901176470588,0.474117647058823
"New Orleans",2013-01-01,142252.214285714,NA,159.771176470588,287.793529411765,5.53411764705882
"New Orleans",2013-02-01,142357.428571429,NA,159.771176470588,287.793529411765,5.53411764705882
"New Orleans",2013-03-01,142440.928571429,NA,159.771176470588,287.793529411765,5.53411764705882
"New Orleans",2013-04-01,142268.928571429,NA,159.771176470588,287.793529411765,5.53411764705882
"New Orleans",2013-05-01,142307.642857143,NA,159.771176470588,287.793529411765,5.53411764705882
"New Orleans",2013-06-01,142289,NA,159.771176470588,287.793529411765,5.53411764705882
"New Orleans",2013-07-01,142267.357142857,NA,159.771176470588,287.793529411765,5.53411764705882
"New Orleans",2013-08-01,142213.428571429,NA,159.771176470588,287.793529411765,5.53411764705882
"New Orleans",2013-09-01,142375.285714286,NA,159.771176470588,287.793529411765,5.53411764705882
"New Orleans",2013-10-01,142648.642857143,NA,159.771176470588,287.793529411765,5.53411764705882
"New Orleans",2013-11-01,142801.785714286,NA,159.771176470588,287.793529411765,5.53411764705882
"New Orleans",2013-12-01,142998.928571429,NA,159.771176470588,287.793529411765,5.53411764705882
"New Orleans",2014-01-01,143221.642857143,NA,169.808823529412,305.115294117647,5.48176470588235
"New Orleans",2014-02-01,143254.428571429,NA,169.808823529412,305.115294117647,5.48176470588235
"New Orleans",2014-03-01,143133.785714286,NA,169.808823529412,305.115294117647,5.48176470588235
"New Orleans",2014-04-01,143092.285714286,NA,169.808823529412,305.115294117647,5.48176470588235
"New Orleans",2014-05-01,143088.928571429,NA,169.808823529412,305.115294117647,5.48176470588235
"New Orleans",2014-06-01,143219.142857143,NA,169.808823529412,305.115294117647,5.48176470588235
"New Orleans",2014-07-01,143524.214285714,NA,169.808823529412,305.115294117647,5.48176470588235
"New Orleans",2014-08-01,143864.714285714,NA,169.808823529412,305.115294117647,5.48176470588235
"New Orleans",2014-09-01,144226.714285714,NA,169.808823529412,305.115294117647,5.48176470588235
"New Orleans",2014-10-01,144448.714285714,NA,169.808823529412,305.115294117647,5.48176470588235
"New Orleans",2014-11-01,144953.285714286,NA,169.808823529412,305.115294117647,5.48176470588235
"New Orleans",2014-12-01,145500.928571429,NA,169.808823529412,305.115294117647,5.48176470588235
"New Orleans",2015-01-01,146091.285714286,NA,180.111176470588,324.595882352941,5.58411764705882
"New Orleans",2015-02-01,146961.785714286,NA,180.111176470588,324.595882352941,5.58411764705882
"New Orleans",2015-03-01,147783,NA,180.111176470588,324.595882352941,5.58411764705882
"New Orleans",2015-04-01,148569.571428571,NA,180.111176470588,324.595882352941,5.58411764705882
"New Orleans",2015-05-01,149164.285714286,NA,180.111176470588,324.595882352941,5.58411764705882
"New Orleans",2015-06-01,149737.857142857,NA,180.111176470588,324.595882352941,5.58411764705882
"New Orleans",2015-07-01,150469.928571429,NA,180.111176470588,324.595882352941,5.58411764705882
"New Orleans",2015-08-01,151143.928571429,NA,180.111176470588,324.595882352941,5.58411764705882
"New Orleans",2015-09-01,151816.785714286,NA,180.111176470588,324.595882352941,5.58411764705882
"New Orleans",2015-10-01,152390.285714286,NA,180.111176470588,324.595882352941,5.58411764705882
"New Orleans",2015-11-01,152791.928571429,NA,180.111176470588,324.595882352941,5.58411764705882
"New Orleans",2015-12-01,153230.214285714,NA,180.111176470588,324.595882352941,5.58411764705882
"New Orleans",2016-01-01,153564.214285714,NA,189.392352941176,341.57,4.52058823529412
"New Orleans",2016-02-01,153879,NA,189.392352941176,341.57,4.52058823529412
"New Orleans",2016-03-01,154221.785714286,NA,189.392352941176,341.57,4.52058823529412
"New Orleans",2016-04-01,154657.928571429,NA,189.392352941176,341.57,4.52058823529412
"New Orleans",2016-05-01,155255.857142857,NA,189.392352941176,341.57,4.52058823529412
"New Orleans",2016-06-01,155859.857142857,NA,189.392352941176,341.57,4.52058823529412
"New Orleans",2016-07-01,156200.928571429,NA,189.392352941176,341.57,4.52058823529412
"New Orleans",2016-08-01,156666.214285714,NA,189.392352941176,341.57,4.52058823529412
"New Orleans",2016-09-01,157174.285714286,NA,189.392352941176,341.57,4.52058823529412
"New Orleans",2016-10-01,157824.785714286,NA,189.392352941176,341.57,4.52058823529412
"New Orleans",2016-11-01,158464.5,NA,189.392352941176,341.57,4.52058823529412
"New Orleans",2016-12-01,158910.785714286,NA,189.392352941176,341.57,4.52058823529412
"New Orleans",2017-01-01,159403.642857143,NA,197.517058823529,355.684705882353,4.55058823529412
"New Orleans",2017-02-01,160011.5,NA,197.517058823529,355.684705882353,4.55058823529412
"New Orleans",2017-03-01,160834.285714286,NA,197.517058823529,355.684705882353,4.55058823529412
"New Orleans",2017-04-01,161600.428571429,NA,197.517058823529,355.684705882353,4.55058823529412
"New Orleans",2017-05-01,162018,NA,197.517058823529,355.684705882353,4.55058823529412
"New Orleans",2017-06-01,162393.5,NA,197.517058823529,355.684705882353,4.55058823529412
"New Orleans",2017-07-01,162809.785714286,NA,197.517058823529,355.684705882353,4.55058823529412
"New Orleans",2017-08-01,163302.642857143,NA,197.517058823529,355.684705882353,4.55058823529412
"New Orleans",2017-09-01,163781,NA,197.517058823529,355.684705882353,4.55058823529412
"New Orleans",2017-10-01,164300.357142857,NA,197.517058823529,355.684705882353,4.55058823529412
"New Orleans",2017-11-01,164797.428571429,NA,197.517058823529,355.684705882353,4.55058823529412
"New Orleans",2017-12-01,165348.214285714,NA,197.517058823529,355.684705882353,4.55058823529412
"New Orleans",2018-01-01,166155.214285714,NA,201.146470588235,362.384705882353,1.88823529411765
"New Orleans",2018-02-01,166823.928571429,NA,201.146470588235,362.384705882353,1.88823529411765
"New Orleans",2018-03-01,167422.714285714,NA,201.146470588235,362.384705882353,1.88823529411765
"New Orleans",2018-04-01,167880.642857143,NA,201.146470588235,362.384705882353,1.88823529411765
"New Orleans",2018-05-01,168727.642857143,NA,201.146470588235,362.384705882353,1.88823529411765
"New Orleans",2018-06-01,169572.642857143,NA,201.146470588235,362.384705882353,1.88823529411765
"New Orleans",2018-07-01,170288.071428571,NA,201.146470588235,362.384705882353,1.88823529411765
"New Orleans",2018-08-01,170765.785714286,NA,201.146470588235,362.384705882353,1.88823529411765
"New Orleans",2018-09-01,171200.571428571,NA,201.146470588235,362.384705882353,1.88823529411765
"New Orleans",2018-10-01,171694.428571429,NA,201.146470588235,362.384705882353,1.88823529411765
"New Orleans",2018-11-01,172233.857142857,NA,201.146470588235,362.384705882353,1.88823529411765
"New Orleans",2018-12-01,172868.357142857,NA,201.146470588235,362.384705882353,1.88823529411765
"New Orleans",2019-01-01,173425.428571429,NA,208.960588235294,376.184117647059,4.27058823529412
"New Orleans",2019-02-01,174043.142857143,NA,208.960588235294,376.184117647059,4.27058823529412
"New Orleans",2019-03-01,174571.857142857,NA,208.960588235294,376.184117647059,4.27058823529412
"New Orleans",2019-04-01,175246.642857143,NA,208.960588235294,376.184117647059,4.27058823529412
"New Orleans",2019-05-01,175690.857142857,NA,208.960588235294,376.184117647059,4.27058823529412
"New Orleans",2019-06-01,176107.571428571,NA,208.960588235294,376.184117647059,4.27058823529412
"New Orleans",2019-07-01,176407.571428571,NA,208.960588235294,376.184117647059,4.27058823529412
"New Orleans",2019-08-01,176874.714285714,NA,208.960588235294,376.184117647059,4.27058823529412
"New Orleans",2019-09-01,177376.642857143,NA,208.960588235294,376.184117647059,4.27058823529412
"New Orleans",2019-10-01,177886.714285714,NA,208.960588235294,376.184117647059,4.27058823529412
"New Orleans",2019-11-01,178387.5,NA,208.960588235294,376.184117647059,4.27058823529412
"New Orleans",2019-12-01,178836.714285714,NA,208.960588235294,376.184117647059,4.27058823529412
"New Orleans",2020-01-01,179224.285714286,NA,217.11,390.465294117647,4.19529411764706
"New Orleans",2020-02-01,179626.928571429,NA,217.11,390.465294117647,4.19529411764706
"New Orleans",2020-03-01,180102,NA,217.11,390.465294117647,4.19529411764706
"New Orleans",2020-04-01,180563.928571429,NA,217.11,390.465294117647,4.19529411764706
"New Orleans",2020-05-01,181089.571428571,NA,217.11,390.465294117647,4.19529411764706
"New Orleans",2020-06-01,180879.928571429,NA,217.11,390.465294117647,4.19529411764706
"New Orleans",2020-07-01,180158.142857143,NA,217.11,390.465294117647,4.19529411764706
"New Orleans",2020-08-01,167210.142857143,NA,217.11,390.465294117647,4.19529411764706
"New Orleans",2020-09-01,167344.642857143,NA,217.11,390.465294117647,4.19529411764706
"New Orleans",2020-10-01,182351.857142857,NA,217.11,390.465294117647,4.19529411764706
"New Orleans",2020-11-01,182716.428571429,NA,217.11,390.465294117647,4.19529411764706
"New Orleans",2020-12-01,184271.142857143,NA,217.11,390.465294117647,4.19529411764706
"New Orleans",2021-01-01,184085.714285714,NA,232.15,399.445,6.95294117647059
"New Orleans",2021-02-01,186370.285714286,NA,232.15,399.445,6.95294117647059
"New Orleans",2021-03-01,185183.8,NA,232.15,399.445,6.95294117647059
"New Orleans",2021-04-01,187652.8,NA,232.15,399.445,6.95294117647059
"New Orleans",2021-05-01,190428.666666667,NA,232.15,399.445,6.95294117647059
"New Orleans",2021-06-01,196334.933333333,NA,232.15,399.445,6.95294117647059
"New Orleans",2021-07-01,198960.6,NA,232.15,399.445,6.95294117647059
"New Orleans",2021-08-01,201794.533333333,NA,232.15,399.445,6.95294117647059
"New Orleans",2021-09-01,213096.4,NA,232.15,399.445,6.95294117647059
"New Orleans",2021-10-01,216823.466666667,NA,232.15,399.445,6.95294117647059
"New Orleans",2021-11-01,219942.333333333,NA,232.15,399.445,6.95294117647059
"New Orleans",2021-12-01,222771.6,NA,232.15,399.445,6.95294117647059
