city,date,single_fam_val,bottom_tier,avg_HPI_2000,HPI,annual_change
Buffalo,2/1/2000,112938.75,83714.66667,100,170.6126087,-2.422608696
Buffalo,3/1/2000,113261.75,83912.33333,100,170.6126087,-2.422608696
Buffalo,4/1/2000,113475,84485.66667,100,170.6126087,-2.422608696
Buffalo,5/1/2000,113614.75,84883.33333,100,170.6126087,-2.422608696
Buffalo,6/1/2000,113798.75,71912.5,100,170.6126087,-2.422608696
Buffalo,7/1/2000,113962.75,72120.5,100,170.6126087,-2.422608696
Buffalo,8/1/2000,114059,72317,100,170.6126087,-2.422608696
Buffalo,9/1/2000,114304.25,72486.25,100,170.6126087,-2.422608696
Buffalo,10/1/2000,114419.5,72610,100,170.6126087,-2.422608696
Buffalo,11/1/2000,114854,72866,100,170.6126087,-2.422608696
Buffalo,12/1/2000,115296,73055.25,100,170.6126087,-2.422608696
Buffalo,1/1/2001,115938.75,73599.25,106.176087,179.8430435,6.176086957
Buffalo,2/1/2001,116722.75,74237.5,106.176087,179.8430435,6.176086957
Buffalo,3/1/2001,117441.5,74926.5,106.176087,179.8430435,6.176086957
Buffalo,4/1/2001,118261.5,75399.5,106.176087,179.8430435,6.176086957
Buffalo,5/1/2001,118937.25,75744.75,106.176087,179.8430435,6.176086957
Buffalo,6/1/2001,119652.75,76003,106.176087,179.8430435,6.176086957
Buffalo,7/1/2001,120110.25,76269.75,106.176087,179.8430435,6.176086957
Buffalo,8/1/2001,120582.25,76450.75,106.176087,179.8430435,6.176086957
Buffalo,9/1/2001,120738.25,76572.75,106.176087,179.8430435,6.176086957
Buffalo,10/1/2001,121240.25,76924.5,106.176087,179.8430435,6.176086957
Buffalo,11/1/2001,121636.5,77307.25,106.176087,179.8430435,6.176086957
Buffalo,12/1/2001,122337.5,77850,106.176087,179.8430435,6.176086957
Buffalo,1/1/2002,122810.75,78042.75,111.3078261,187.1226087,4.790434783
Buffalo,2/1/2002,123183.5,78247.75,111.3078261,187.1226087,4.790434783
Buffalo,3/1/2002,123314.5,78307.75,111.3078261,187.1226087,4.790434783
Buffalo,4/1/2002,123422,78458,111.3078261,187.1226087,4.790434783
Buffalo,5/1/2002,123793.25,78653,111.3078261,187.1226087,4.790434783
Buffalo,6/1/2002,124401,78926.75,111.3078261,187.1226087,4.790434783
Buffalo,7/1/2002,125087.25,79105.5,111.3078261,187.1226087,4.790434783
Buffalo,8/1/2002,125668.75,79439.25,111.3078261,187.1226087,4.790434783
Buffalo,9/1/2002,126516.25,80148,111.3078261,187.1226087,4.790434783
Buffalo,10/1/2002,127345.25,80829,111.3078261,187.1226087,4.790434783
Buffalo,11/1/2002,128026.5,81367,111.3078261,187.1226087,4.790434783
Buffalo,12/1/2002,128404.25,81631,111.3078261,187.1226087,4.790434783
Buffalo,1/1/2003,128845.75,82078,114.0530435,192.6534783,2.589130435
Buffalo,2/1/2003,129468.5,82484.25,114.0530435,192.6534783,2.589130435
Buffalo,3/1/2003,130181,82906.25,114.0530435,192.6534783,2.589130435
Buffalo,4/1/2003,130981.75,83356.75,114.0530435,192.6534783,2.589130435
Buffalo,5/1/2003,131832.25,84020.75,114.0530435,192.6534783,2.589130435
Buffalo,6/1/2003,132632.75,84738.25,114.0530435,192.6534783,2.589130435
Buffalo,7/1/2003,133323.75,85460.25,114.0530435,192.6534783,2.589130435
Buffalo,8/1/2003,133852.25,85935.25,114.0530435,192.6534783,2.589130435
Buffalo,9/1/2003,141348.8,93953.6,114.0530435,192.6534783,2.589130435
Buffalo,10/1/2003,141756.2,94180.6,114.0530435,192.6534783,2.589130435
Buffalo,11/1/2003,142487.2,94524,114.0530435,192.6534783,2.589130435
Buffalo,12/1/2003,143271,94914.8,114.0530435,192.6534783,2.589130435
Buffalo,1/1/2004,143992,94984.2,118.8921739,201.6686957,4.149130435
Buffalo,2/1/2004,144738,94979.2,118.8921739,201.6686957,4.149130435
Buffalo,3/1/2004,145762.2,95223.8,118.8921739,201.6686957,4.149130435
Buffalo,4/1/2004,146890.6,95699.2,118.8921739,201.6686957,4.149130435
Buffalo,5/1/2004,147837.4,96304.4,118.8921739,201.6686957,4.149130435
Buffalo,6/1/2004,148746,96991.4,118.8921739,201.6686957,4.149130435
Buffalo,7/1/2004,149899.2,97955.8,118.8921739,201.6686957,4.149130435
Buffalo,8/1/2004,151214.6,99127.2,118.8921739,201.6686957,4.149130435
Buffalo,9/1/2004,152479.6,100279.4,118.8921739,201.6686957,4.149130435
Buffalo,10/1/2004,153746.2,100993.2,118.8921739,201.6686957,4.149130435
Buffalo,11/1/2004,154921.2,101313.2,118.8921739,201.6686957,4.149130435
Buffalo,12/1/2004,156191.2,101706,118.8921739,201.6686957,4.149130435
Buffalo,1/1/2005,157621,102596.6,126.2369565,213.7817391,6.06
Buffalo,2/1/2005,158869,103656.2,126.2369565,213.7817391,6.06
Buffalo,3/1/2005,160245.4,104673,126.2369565,213.7817391,6.06
Buffalo,4/1/2005,161053.1667,104346.6667,126.2369565,213.7817391,6.06
Buffalo,5/1/2005,162655.5,105061.5,126.2369565,213.7817391,6.06
Buffalo,6/1/2005,157636.2857,105574.6667,126.2369565,213.7817391,6.06
Buffalo,7/1/2005,158586.2857,102293.1429,126.2369565,213.7817391,6.06
Buffalo,8/1/2005,159947.7143,102431,126.2369565,213.7817391,6.06
Buffalo,9/1/2005,161227.5714,102507.1429,126.2369565,213.7817391,6.06
Buffalo,10/1/2005,162520.4286,102991.7143,126.2369565,213.7817391,6.06
Buffalo,11/1/2005,163794.4286,103747.2857,126.2369565,213.7817391,6.06
Buffalo,12/1/2005,165538.2857,104732.2857,126.2369565,213.7817391,6.06
Buffalo,1/1/2006,167048.4286,105619.7143,129.8236364,225.4222727,3.664090909
Buffalo,2/1/2006,168276.7143,106222.8571,129.8236364,225.4222727,3.664090909
Buffalo,3/1/2006,169154.4286,106634.5714,129.8236364,225.4222727,3.664090909
Buffalo,4/1/2006,170112.7143,107040.5714,129.8236364,225.4222727,3.664090909
Buffalo,5/1/2006,171157.8571,107422.2857,129.8236364,225.4222727,3.664090909
Buffalo,6/1/2006,172805.2857,108229.1429,129.8236364,225.4222727,3.664090909
Buffalo,7/1/2006,174690.1429,109527.1429,129.8236364,225.4222727,3.664090909
Buffalo,8/1/2006,175938.2857,110776.5714,129.8236364,225.4222727,3.664090909
Buffalo,9/1/2006,177127,112115.7143,129.8236364,225.4222727,3.664090909
Buffalo,10/1/2006,177930.4286,112892.1429,129.8236364,225.4222727,3.664090909
Buffalo,11/1/2006,178460.4286,113494.8571,129.8236364,225.4222727,3.664090909
Buffalo,12/1/2006,178317.4286,113648.7143,129.8236364,225.4222727,3.664090909
Buffalo,1/1/2007,178556.8571,113946.1429,136.7578261,229.2334783,4.116818182
Buffalo,2/1/2007,179695.8571,114735.2857,136.7578261,229.2334783,4.116818182
Buffalo,3/1/2007,180667.8571,115525.4286,136.7578261,229.2334783,4.116818182
Buffalo,4/1/2007,181092.5714,115950.2857,136.7578261,229.2334783,4.116818182
Buffalo,5/1/2007,180894.2857,116258.4286,136.7578261,229.2334783,4.116818182
Buffalo,6/1/2007,180715,116397.7143,136.7578261,229.2334783,4.116818182
Buffalo,7/1/2007,180363.4286,116420.1429,136.7578261,229.2334783,4.116818182
Buffalo,8/1/2007,179956,115932.4286,136.7578261,229.2334783,4.116818182
Buffalo,9/1/2007,179663.1429,115444.1429,136.7578261,229.2334783,4.116818182
Buffalo,10/1/2007,179795.4286,115517.4286,136.7578261,229.2334783,4.116818182
Buffalo,11/1/2007,180468.7143,115871.5714,136.7578261,229.2334783,4.116818182
Buffalo,12/1/2007,180937.2857,116270.1429,136.7578261,229.2334783,4.116818182
Buffalo,1/1/2008,181063.7143,116213.7143,136.2482609,231.1113043,-0.416086957
Buffalo,2/1/2008,161385.3333,103654.2222,136.2482609,231.1113043,-0.416086957
Buffalo,3/1/2008,161074.6667,103374.4444,136.2482609,231.1113043,-0.416086957
Buffalo,4/1/2008,160706.3333,103198.3333,136.2482609,231.1113043,-0.416086957
Buffalo,5/1/2008,160399,102978.2222,136.2482609,231.1113043,-0.416086957
Buffalo,6/1/2008,159908.5556,102735.6667,136.2482609,231.1113043,-0.416086957
Buffalo,7/1/2008,159349,102345.6667,136.2482609,231.1113043,-0.416086957
Buffalo,8/1/2008,158803.5556,102108.7778,136.2482609,231.1113043,-0.416086957
Buffalo,9/1/2008,158014.8889,101647.1111,136.2482609,231.1113043,-0.416086957
Buffalo,10/1/2008,157176.5556,101126.8889,136.2482609,231.1113043,-0.416086957
Buffalo,11/1/2008,156107.4444,100468.6667,136.2482609,231.1113043,-0.416086957
Buffalo,12/1/2008,155264,99881.77778,136.2482609,231.1113043,-0.416086957
Buffalo,1/1/2009,154239.7778,99247.55556,137.9952174,234.0695652,1.433043478
Buffalo,2/1/2009,153277.5556,98556.33333,137.9952174,234.0695652,1.433043478
Buffalo,3/1/2009,151921.5556,97671.66667,137.9952174,234.0695652,1.433043478
Buffalo,4/1/2009,150742.4444,96760.22222,137.9952174,234.0695652,1.433043478
Buffalo,5/1/2009,149839,96009.77778,137.9952174,234.0695652,1.433043478
Buffalo,6/1/2009,148812.7778,95140.22222,137.9952174,234.0695652,1.433043478
Buffalo,7/1/2009,147563,94273.88889,137.9952174,234.0695652,1.433043478
Buffalo,8/1/2009,146277,93381.22222,137.9952174,234.0695652,1.433043478
Buffalo,9/1/2009,145343.7778,92882.11111,137.9952174,234.0695652,1.433043478
Buffalo,10/1/2009,144466.1111,92336.11111,137.9952174,234.0695652,1.433043478
Buffalo,11/1/2009,143397,91773,137.9952174,234.0695652,1.433043478
Buffalo,12/1/2009,142290.3333,91161.77778,137.9952174,234.0695652,1.433043478
Buffalo,1/1/2010,141558.5556,90841.66667,141.9921739,238.8295652,3.503043478
Buffalo,2/1/2010,141301.4444,90741.33333,141.9921739,238.8295652,3.503043478
Buffalo,3/1/2010,141299.5556,90786.44444,141.9921739,238.8295652,3.503043478
Buffalo,4/1/2010,141358.4444,90853.66667,141.9921739,238.8295652,3.503043478
Buffalo,5/1/2010,141043.6667,90764.33333,141.9921739,238.8295652,3.503043478
Buffalo,6/1/2010,140626.7778,90628.55556,141.9921739,238.8295652,3.503043478
Buffalo,7/1/2010,140372.3333,90605.33333,141.9921739,238.8295652,3.503043478
Buffalo,8/1/2010,140167.3333,90698,141.9921739,238.8295652,3.503043478
Buffalo,9/1/2010,139960.3333,90639.55556,141.9921739,238.8295652,3.503043478
Buffalo,10/1/2010,139517.1111,90429,141.9921739,238.8295652,3.503043478
Buffalo,11/1/2010,139259.7778,90155.77778,141.9921739,238.8295652,3.503043478
Buffalo,12/1/2010,138815.1111,89832.55556,141.9921739,238.8295652,3.503043478
Buffalo,1/1/2011,138208.2222,89301.22222,145.0477273,246.875,1.487727273
Buffalo,2/1/2011,137486.3333,88813,145.0477273,246.875,1.487727273
Buffalo,3/1/2011,136815.8889,88279.33333,145.0477273,246.875,1.487727273
Buffalo,4/1/2011,135928.8889,87727.44444,145.0477273,246.875,1.487727273
Buffalo,5/1/2011,128881.2,84832.4,145.0477273,246.875,1.487727273
Buffalo,6/1/2011,128219,84318.6,145.0477273,246.875,1.487727273
Buffalo,7/1/2011,127777.8,83842,145.0477273,246.875,1.487727273
Buffalo,8/1/2011,127586,83495.7,145.0477273,246.875,1.487727273
Buffalo,9/1/2011,127250.9,83057.3,145.0477273,246.875,1.487727273
Buffalo,10/1/2011,127133.5,82700,145.0477273,246.875,1.487727273
Buffalo,11/1/2011,126892.3,82348.1,145.0477273,246.875,1.487727273
Buffalo,12/1/2011,126707.5,82004.6,145.0477273,246.875,1.487727273
Buffalo,1/1/2012,126610.6,81804,141.7204545,244.4590909,-1.146666667
Buffalo,2/1/2012,126341.3,81541.3,141.7204545,244.4590909,-1.146666667
Buffalo,3/1/2012,126139.9,81337.9,141.7204545,244.4590909,-1.146666667
Buffalo,4/1/2012,126016.6,81233.6,141.7204545,244.4590909,-1.146666667
Buffalo,5/1/2012,126134.7,81276.7,141.7204545,244.4590909,-1.146666667
Buffalo,6/1/2012,126376.9,81464.8,141.7204545,244.4590909,-1.146666667
Buffalo,7/1/2012,126508.3,81534.9,141.7204545,244.4590909,-1.146666667
Buffalo,8/1/2012,126606.4,81604.6,141.7204545,244.4590909,-1.146666667
Buffalo,9/1/2012,126669.7,81717.2,141.7204545,244.4590909,-1.146666667
Buffalo,10/1/2012,126755.6,81928.1,141.7204545,244.4590909,-1.146666667
Buffalo,11/1/2012,126874.5,82056.4,141.7204545,244.4590909,-1.146666667
Buffalo,12/1/2012,127117.6,82108.4,141.7204545,244.4590909,-1.146666667
Buffalo,1/1/2013,127379.3,82237.9,147.7273913,246.8826087,3.104545455
Buffalo,2/1/2013,127621.4,82348.3,147.7273913,246.8826087,3.104545455
Buffalo,3/1/2013,127849.9,82646.4,147.7273913,246.8826087,3.104545455
Buffalo,4/1/2013,128329.7,82892.5,147.7273913,246.8826087,3.104545455
Buffalo,5/1/2013,129001,83401.9,147.7273913,246.8826087,3.104545455
Buffalo,6/1/2013,129624.3,83798.9,147.7273913,246.8826087,3.104545455
Buffalo,7/1/2013,130016.9,84142,147.7273913,246.8826087,3.104545455
Buffalo,8/1/2013,130288.8,84281.5,147.7273913,246.8826087,3.104545455
Buffalo,9/1/2013,130625.9,84564.2,147.7273913,246.8826087,3.104545455
Buffalo,10/1/2013,131115.1,84956,147.7273913,246.8826087,3.104545455
Buffalo,11/1/2013,131688,85445.6,147.7273913,246.8826087,3.104545455
Buffalo,12/1/2013,132332.5,86022.1,147.7273913,246.8826087,3.104545455
Buffalo,1/1/2014,132798.7,86431.6,156.8072727,267.39,6.585
Buffalo,2/1/2014,133596,86998.1,156.8072727,267.39,6.585
Buffalo,3/1/2014,134359.3,87404.5,156.8072727,267.39,6.585
Buffalo,4/1/2014,135105,87829.9,156.8072727,267.39,6.585
Buffalo,5/1/2014,135680.5,87983.8,156.8072727,267.39,6.585
Buffalo,6/1/2014,136194.1,88139.7,156.8072727,267.39,6.585
Buffalo,7/1/2014,137026.8,88509.6,156.8072727,267.39,6.585
Buffalo,8/1/2014,137751.7,89092.2,156.8072727,267.39,6.585
Buffalo,9/1/2014,138495.1,89533.1,156.8072727,267.39,6.585
Buffalo,10/1/2014,138981.2,89781.5,156.8072727,267.39,6.585
Buffalo,11/1/2014,139541.8,90056.1,156.8072727,267.39,6.585
Buffalo,12/1/2014,140107.2,90469.6,156.8072727,267.39,6.585
Buffalo,1/1/2015,140795.7,90982.2,167.2208696,274.6373913,5.185
Buffalo,2/1/2015,141204,91346.7,167.2208696,274.6373913,5.185
Buffalo,3/1/2015,141479.4,91558.8,167.2208696,274.6373913,5.185
Buffalo,4/1/2015,141663.6,91779.3,167.2208696,274.6373913,5.185
Buffalo,5/1/2015,142021.3,92142.1,167.2208696,274.6373913,5.185
Buffalo,6/1/2015,142640.6,92650.2,167.2208696,274.6373913,5.185
Buffalo,7/1/2015,143328.1,93240.8,167.2208696,274.6373913,5.185
Buffalo,8/1/2015,144182,93799.7,167.2208696,274.6373913,5.185
Buffalo,9/1/2015,145063.3,94414.3,167.2208696,274.6373913,5.185
Buffalo,10/1/2015,145982.4,94994.5,167.2208696,274.6373913,5.185
Buffalo,11/1/2015,146853.8,95588.9,167.2208696,274.6373913,5.185
Buffalo,12/1/2015,147671.9,96080.7,167.2208696,274.6373913,5.185
Buffalo,1/1/2016,148491.5,96578.7,179.7865217,295.3821739,7.61
Buffalo,2/1/2016,149307,97088.4,179.7865217,295.3821739,7.61
Buffalo,3/1/2016,150269.3,97911.5,179.7865217,295.3821739,7.61
Buffalo,4/1/2016,151199,98652.4,179.7865217,295.3821739,7.61
Buffalo,5/1/2016,151933.4,99239.3,179.7865217,295.3821739,7.61
Buffalo,6/1/2016,152364.6,99461.7,179.7865217,295.3821739,7.61
Buffalo,7/1/2016,152770.1,99603.9,179.7865217,295.3821739,7.61
Buffalo,8/1/2016,153113.9,99678.8,179.7865217,295.3821739,7.61
Buffalo,9/1/2016,153575.9,99945.1,179.7865217,295.3821739,7.61
Buffalo,10/1/2016,154140,100292.8,179.7865217,295.3821739,7.61
Buffalo,11/1/2016,155010.9,100788,179.7865217,295.3821739,7.61
Buffalo,12/1/2016,155977.6,101306.4,179.7865217,295.3821739,7.61
Buffalo,1/1/2017,156949,101762.4,191.4756522,315.0352174,6.671304348
Buffalo,2/1/2017,157764.1,102185.6,191.4756522,315.0352174,6.671304348
Buffalo,3/1/2017,158490.2,102375.5,191.4756522,315.0352174,6.671304348
Buffalo,4/1/2017,159189.8,102732.9,191.4756522,315.0352174,6.671304348
Buffalo,5/1/2017,160127.9,103291.6,191.4756522,315.0352174,6.671304348
Buffalo,6/1/2017,161101.7,104267.5,191.4756522,315.0352174,6.671304348
Buffalo,7/1/2017,161959.1,105057.9,191.4756522,315.0352174,6.671304348
Buffalo,8/1/2017,163023.7,106014.7,191.4756522,315.0352174,6.671304348
Buffalo,9/1/2017,164045.3,106675.5,191.4756522,315.0352174,6.671304348
Buffalo,10/1/2017,165130.2,107421.6,191.4756522,315.0352174,6.671304348
Buffalo,11/1/2017,165806.4,107823.7,191.4756522,315.0352174,6.671304348
Buffalo,12/1/2017,166505.7,108279.2,191.4756522,315.0352174,6.671304348
Buffalo,1/1/2018,167269.3,108945.3,204.675,344.1372727,8.581818182
Buffalo,2/1/2018,168349.6,109727.4,204.675,344.1372727,8.581818182
Buffalo,3/1/2018,169393,110536.2,204.675,344.1372727,8.581818182
Buffalo,4/1/2018,170568.2,111141.7,204.675,344.1372727,8.581818182
Buffalo,5/1/2018,171474.2,111605.8,204.675,344.1372727,8.581818182
Buffalo,6/1/2018,172480.3,111956.1,204.675,344.1372727,8.581818182
Buffalo,7/1/2018,173445.9,112542.6,204.675,344.1372727,8.581818182
Buffalo,8/1/2018,174209.9,113033.3,204.675,344.1372727,8.581818182
Buffalo,9/1/2018,174902.2,113529.4,204.675,344.1372727,8.581818182
Buffalo,10/1/2018,175631.1,113920.3,204.675,344.1372727,8.581818182
Buffalo,11/1/2018,176424.2,114414.5,204.675,344.1372727,8.581818182
Buffalo,12/1/2018,177243.1,115083,204.675,344.1372727,8.581818182
Buffalo,1/1/2019,177951.2,115613.9,220.7486957,357.7278261,6.687272727
Buffalo,2/1/2019,178487.5,116116.3,220.7486957,357.7278261,6.687272727
Buffalo,3/1/2019,179112.2,116543.2,220.7486957,357.7278261,6.687272727
Buffalo,4/1/2019,179599.6,117066.4,220.7486957,357.7278261,6.687272727
Buffalo,5/1/2019,180360.7,117661.4,220.7486957,357.7278261,6.687272727
Buffalo,6/1/2019,180930.5,118037.5,220.7486957,357.7278261,6.687272727
Buffalo,7/1/2019,181403.5,118282.1,220.7486957,357.7278261,6.687272727
Buffalo,8/1/2019,181862.9,118522,220.7486957,357.7278261,6.687272727
Buffalo,9/1/2019,182331.3,118966.2,220.7486957,357.7278261,6.687272727
Buffalo,10/1/2019,182791.2,119402,220.7486957,357.7278261,6.687272727
Buffalo,11/1/2019,183297,119887.9,220.7486957,357.7278261,6.687272727
Buffalo,12/1/2019,183727.2,120214.2,220.7486957,357.7278261,6.687272727
Buffalo,1/1/2020,184181.5,120545.8,231.1781818,384.6604545,6.385909091
Buffalo,2/1/2020,184617,120852.5,231.1781818,384.6604545,6.385909091
Buffalo,3/1/2020,184995.1,121254.1,231.1781818,384.6604545,6.385909091
Buffalo,4/1/2020,185387.9,121653.1,231.1781818,384.6604545,6.385909091
Buffalo,5/1/2020,185636.6,122033.1,231.1781818,384.6604545,6.385909091
Buffalo,6/1/2020,185654.2,122508.5,231.1781818,384.6604545,6.385909091
Buffalo,7/1/2020,186186.4,122132.6,231.1781818,384.6604545,6.385909091
Buffalo,8/1/2020,179137.1,120544.2,231.1781818,384.6604545,6.385909091
Buffalo,9/1/2020,179753.6,117507.1,231.1781818,384.6604545,6.385909091
Buffalo,10/1/2020,185925.2,121408.3,231.1781818,384.6604545,6.385909091
Buffalo,11/1/2020,187340.6,121727.4,231.1781818,384.6604545,6.385909091
Buffalo,12/1/2020,191848.2,124315.8,231.1781818,384.6604545,6.385909091
Buffalo,1/1/2021,193436.2,125613.6,260.6643478,422.5543478,12.21590909
Buffalo,2/1/2021,203569.7778,137444.8889,260.6643478,422.5543478,12.21590909
Buffalo,3/1/2021,202176.4,138554,260.6643478,422.5543478,12.21590909
Buffalo,4/1/2021,205649.9,141146.5,260.6643478,422.5543478,12.21590909
Buffalo,5/1/2021,207926.7,143729.4,260.6643478,422.5543478,12.21590909
Buffalo,6/1/2021,204551.7,139901.5,260.6643478,422.5543478,12.21590909
Buffalo,7/1/2021,206430.1,142041.7,260.6643478,422.5543478,12.21590909
Buffalo,8/1/2021,208176.6,143877.5,260.6643478,422.5543478,12.21590909
Buffalo,9/1/2021,218753.8,153864.5,260.6643478,422.5543478,12.21590909
Buffalo,10/1/2021,222364.4,156508.7,260.6643478,422.5543478,12.21590909
Buffalo,11/1/2021,226626,160010.3,260.6643478,422.5543478,12.21590909
Buffalo,12/1/2021,230525,163082.1,260.6643478,422.5543478,12.21590909
Coffey Park,2/1/2000,NA,NA,100,627.8766667,24.24333333
Coffey Park,3/1/2000,NA,NA,100,627.8766667,24.24333333
Coffey Park,4/1/2000,NA,NA,100,627.8766667,24.24333333
Coffey Park,5/1/2000,NA,NA,100,627.8766667,24.24333333
Coffey Park,6/1/2000,NA,NA,100,627.8766667,24.24333333
Coffey Park,7/1/2000,NA,NA,100,627.8766667,24.24333333
Coffey Park,8/1/2000,NA,NA,100,627.8766667,24.24333333
Coffey Park,9/1/2000,NA,NA,100,627.8766667,24.24333333
Coffey Park,10/1/2000,NA,NA,100,627.8766667,24.24333333
Coffey Park,11/1/2000,NA,NA,100,627.8766667,24.24333333
Coffey Park,12/1/2000,NA,NA,100,627.8766667,24.24333333
Coffey Park,1/1/2001,NA,NA,114.5866667,718.6666667,14.58666667
Coffey Park,2/1/2001,NA,NA,114.5866667,718.6666667,14.58666667
Coffey Park,3/1/2001,NA,NA,114.5866667,718.6666667,14.58666667
Coffey Park,4/1/2001,NA,NA,114.5866667,718.6666667,14.58666667
Coffey Park,5/1/2001,NA,NA,114.5866667,718.6666667,14.58666667
Coffey Park,6/1/2001,NA,NA,114.5866667,718.6666667,14.58666667
Coffey Park,7/1/2001,NA,NA,114.5866667,718.6666667,14.58666667
Coffey Park,8/1/2001,NA,NA,114.5866667,718.6666667,14.58666667
Coffey Park,9/1/2001,NA,NA,114.5866667,718.6666667,14.58666667
Coffey Park,10/1/2001,NA,NA,114.5866667,718.6666667,14.58666667
Coffey Park,11/1/2001,NA,NA,114.5866667,718.6666667,14.58666667
Coffey Park,12/1/2001,NA,NA,114.5866667,718.6666667,14.58666667
Coffey Park,1/1/2002,NA,NA,122.45,767.5983333,6.855
Coffey Park,2/1/2002,NA,NA,122.45,767.5983333,6.855
Coffey Park,3/1/2002,NA,NA,122.45,767.5983333,6.855
Coffey Park,4/1/2002,NA,NA,122.45,767.5983333,6.855
Coffey Park,5/1/2002,NA,NA,122.45,767.5983333,6.855
Coffey Park,6/1/2002,NA,NA,122.45,767.5983333,6.855
Coffey Park,7/1/2002,NA,NA,122.45,767.5983333,6.855
Coffey Park,8/1/2002,NA,NA,122.45,767.5983333,6.855
Coffey Park,9/1/2002,NA,NA,122.45,767.5983333,6.855
Coffey Park,10/1/2002,NA,NA,122.45,767.5983333,6.855
Coffey Park,11/1/2002,NA,NA,122.45,767.5983333,6.855
Coffey Park,12/1/2002,NA,NA,122.45,767.5983333,6.855
Coffey Park,1/1/2003,NA,NA,130.6783333,818.6066667,6.701666667
Coffey Park,2/1/2003,NA,NA,130.6783333,818.6066667,6.701666667
Coffey Park,3/1/2003,NA,NA,130.6783333,818.6066667,6.701666667
Coffey Park,4/1/2003,NA,NA,130.6783333,818.6066667,6.701666667
Coffey Park,5/1/2003,NA,NA,130.6783333,818.6066667,6.701666667
Coffey Park,6/1/2003,NA,NA,130.6783333,818.6066667,6.701666667
Coffey Park,7/1/2003,NA,NA,130.6783333,818.6066667,6.701666667
Coffey Park,8/1/2003,NA,NA,130.6783333,818.6066667,6.701666667
Coffey Park,9/1/2003,NA,NA,130.6783333,818.6066667,6.701666667
Coffey Park,10/1/2003,NA,NA,130.6783333,818.6066667,6.701666667
Coffey Park,11/1/2003,NA,NA,130.6783333,818.6066667,6.701666667
Coffey Park,12/1/2003,NA,NA,130.6783333,818.6066667,6.701666667
Coffey Park,1/1/2004,NA,NA,152.1266667,952.5416667,16.38666667
Coffey Park,2/1/2004,NA,NA,152.1266667,952.5416667,16.38666667
Coffey Park,3/1/2004,NA,NA,152.1266667,952.5416667,16.38666667
Coffey Park,4/1/2004,NA,NA,152.1266667,952.5416667,16.38666667
Coffey Park,5/1/2004,NA,NA,152.1266667,952.5416667,16.38666667
Coffey Park,6/1/2004,NA,NA,152.1266667,952.5416667,16.38666667
Coffey Park,7/1/2004,NA,NA,152.1266667,952.5416667,16.38666667
Coffey Park,8/1/2004,NA,NA,152.1266667,952.5416667,16.38666667
Coffey Park,9/1/2004,NA,NA,152.1266667,952.5416667,16.38666667
Coffey Park,10/1/2004,NA,NA,152.1266667,952.5416667,16.38666667
Coffey Park,11/1/2004,NA,NA,152.1266667,952.5416667,16.38666667
Coffey Park,12/1/2004,NA,NA,152.1266667,952.5416667,16.38666667
Coffey Park,1/1/2005,NA,NA,186.1783333,1165.141667,22.37166667
Coffey Park,2/1/2005,NA,NA,186.1783333,1165.141667,22.37166667
Coffey Park,3/1/2005,NA,NA,186.1783333,1165.141667,22.37166667
Coffey Park,4/1/2005,NA,NA,186.1783333,1165.141667,22.37166667
Coffey Park,5/1/2005,NA,NA,186.1783333,1165.141667,22.37166667
Coffey Park,6/1/2005,NA,NA,186.1783333,1165.141667,22.37166667
Coffey Park,7/1/2005,NA,NA,186.1783333,1165.141667,22.37166667
Coffey Park,8/1/2005,NA,NA,186.1783333,1165.141667,22.37166667
Coffey Park,9/1/2005,NA,NA,186.1783333,1165.141667,22.37166667
Coffey Park,10/1/2005,NA,NA,186.1783333,1165.141667,22.37166667
Coffey Park,11/1/2005,NA,NA,186.1783333,1165.141667,22.37166667
Coffey Park,12/1/2005,NA,NA,186.1783333,1165.141667,22.37166667
Coffey Park,1/1/2006,NA,NA,192.0483333,1201.581667,3.135
Coffey Park,2/1/2006,NA,NA,192.0483333,1201.581667,3.135
Coffey Park,3/1/2006,NA,NA,192.0483333,1201.581667,3.135
Coffey Park,4/1/2006,NA,NA,192.0483333,1201.581667,3.135
Coffey Park,5/1/2006,NA,NA,192.0483333,1201.581667,3.135
Coffey Park,6/1/2006,NA,NA,192.0483333,1201.581667,3.135
Coffey Park,7/1/2006,NA,NA,192.0483333,1201.581667,3.135
Coffey Park,8/1/2006,NA,NA,192.0483333,1201.581667,3.135
Coffey Park,9/1/2006,NA,NA,192.0483333,1201.581667,3.135
Coffey Park,10/1/2006,NA,NA,192.0483333,1201.581667,3.135
Coffey Park,11/1/2006,NA,NA,192.0483333,1201.581667,3.135
Coffey Park,12/1/2006,NA,NA,192.0483333,1201.581667,3.135
Coffey Park,1/1/2007,NA,NA,179.605,1125.545,-6.401666667
Coffey Park,2/1/2007,NA,NA,179.605,1125.545,-6.401666667
Coffey Park,3/1/2007,NA,NA,179.605,1125.545,-6.401666667
Coffey Park,4/1/2007,NA,NA,179.605,1125.545,-6.401666667
Coffey Park,5/1/2007,NA,NA,179.605,1125.545,-6.401666667
Coffey Park,6/1/2007,NA,NA,179.605,1125.545,-6.401666667
Coffey Park,7/1/2007,NA,NA,179.605,1125.545,-6.401666667
Coffey Park,8/1/2007,NA,NA,179.605,1125.545,-6.401666667
Coffey Park,9/1/2007,NA,NA,179.605,1125.545,-6.401666667
Coffey Park,10/1/2007,NA,NA,179.605,1125.545,-6.401666667
Coffey Park,11/1/2007,NA,NA,179.605,1125.545,-6.401666667
Coffey Park,12/1/2007,NA,NA,179.605,1125.545,-6.401666667
Coffey Park,1/1/2008,NA,NA,142.0666667,895.34,-20.73166667
Coffey Park,2/1/2008,132992,NA,142.0666667,895.34,-20.73166667
Coffey Park,3/1/2008,132925.5,NA,142.0666667,895.34,-20.73166667
Coffey Park,4/1/2008,132953.5,NA,142.0666667,895.34,-20.73166667
Coffey Park,5/1/2008,132371.5,NA,142.0666667,895.34,-20.73166667
Coffey Park,6/1/2008,132140,NA,142.0666667,895.34,-20.73166667
Coffey Park,7/1/2008,132030.5,NA,142.0666667,895.34,-20.73166667
Coffey Park,8/1/2008,131900,NA,142.0666667,895.34,-20.73166667
Coffey Park,9/1/2008,131750,NA,142.0666667,895.34,-20.73166667
Coffey Park,10/1/2008,131367,NA,142.0666667,895.34,-20.73166667
Coffey Park,11/1/2008,131716,NA,142.0666667,895.34,-20.73166667
Coffey Park,12/1/2008,131357,NA,142.0666667,895.34,-20.73166667
Coffey Park,1/1/2009,130868,NA,124.3783333,786.0133333,-12.55
Coffey Park,2/1/2009,130260,NA,124.3783333,786.0133333,-12.55
Coffey Park,3/1/2009,130187,NA,124.3783333,786.0133333,-12.55
Coffey Park,4/1/2009,130149.5,NA,124.3783333,786.0133333,-12.55
Coffey Park,5/1/2009,130738,NA,124.3783333,786.0133333,-12.55
Coffey Park,6/1/2009,130730.5,NA,124.3783333,786.0133333,-12.55
Coffey Park,7/1/2009,130514.5,NA,124.3783333,786.0133333,-12.55
Coffey Park,8/1/2009,129898.5,NA,124.3783333,786.0133333,-12.55
Coffey Park,9/1/2009,129693.5,NA,124.3783333,786.0133333,-12.55
Coffey Park,10/1/2009,129931,NA,124.3783333,786.0133333,-12.55
Coffey Park,11/1/2009,129192.5,NA,124.3783333,786.0133333,-12.55
Coffey Park,12/1/2009,129107.5,NA,124.3783333,786.0133333,-12.55
Coffey Park,1/1/2010,128679,NA,119.5366667,753.3883333,-3.655
Coffey Park,2/1/2010,128430,NA,119.5366667,753.3883333,-3.655
Coffey Park,3/1/2010,126541,NA,119.5366667,753.3883333,-3.655
Coffey Park,4/1/2010,124462,NA,119.5366667,753.3883333,-3.655
Coffey Park,5/1/2010,122366.5,NA,119.5366667,753.3883333,-3.655
Coffey Park,6/1/2010,120766.5,NA,119.5366667,753.3883333,-3.655
Coffey Park,7/1/2010,119381.5,NA,119.5366667,753.3883333,-3.655
Coffey Park,8/1/2010,118932.5,NA,119.5366667,753.3883333,-3.655
Coffey Park,9/1/2010,117992,NA,119.5366667,753.3883333,-3.655
Coffey Park,10/1/2010,116953,NA,119.5366667,753.3883333,-3.655
Coffey Park,11/1/2010,116071.5,NA,119.5366667,753.3883333,-3.655
Coffey Park,12/1/2010,115636.5,NA,119.5366667,753.3883333,-3.655
Coffey Park,1/1/2011,116210,NA,110.2616667,695.0466667,-7.773333333
Coffey Park,2/1/2011,117149,NA,110.2616667,695.0466667,-7.773333333
Coffey Park,3/1/2011,119731,NA,110.2616667,695.0466667,-7.773333333
Coffey Park,4/1/2011,121770.5,NA,110.2616667,695.0466667,-7.773333333
Coffey Park,5/1/2011,123622,NA,110.2616667,695.0466667,-7.773333333
Coffey Park,6/1/2011,124353,NA,110.2616667,695.0466667,-7.773333333
Coffey Park,7/1/2011,124685,NA,110.2616667,695.0466667,-7.773333333
Coffey Park,8/1/2011,124269,NA,110.2616667,695.0466667,-7.773333333
Coffey Park,9/1/2011,124006.5,NA,110.2616667,695.0466667,-7.773333333
Coffey Park,10/1/2011,123463.5,NA,110.2616667,695.0466667,-7.773333333
Coffey Park,11/1/2011,122426,NA,110.2616667,695.0466667,-7.773333333
Coffey Park,12/1/2011,121336.5,NA,110.2616667,695.0466667,-7.773333333
Coffey Park,1/1/2012,119730,NA,109.73,691.7983333,-0.458333333
Coffey Park,2/1/2012,117320.5,NA,109.73,691.7983333,-0.458333333
Coffey Park,3/1/2012,114398,NA,109.73,691.7983333,-0.458333333
Coffey Park,4/1/2012,112773.5,NA,109.73,691.7983333,-0.458333333
Coffey Park,5/1/2012,112355.5,NA,109.73,691.7983333,-0.458333333
Coffey Park,6/1/2012,113229.5,NA,109.73,691.7983333,-0.458333333
Coffey Park,7/1/2012,114331,NA,109.73,691.7983333,-0.458333333
Coffey Park,8/1/2012,115544.5,NA,109.73,691.7983333,-0.458333333
Coffey Park,9/1/2012,117007.5,NA,109.73,691.7983333,-0.458333333
Coffey Park,10/1/2012,118367,NA,109.73,691.7983333,-0.458333333
Coffey Park,11/1/2012,119970.5,NA,109.73,691.7983333,-0.458333333
Coffey Park,12/1/2012,120901,NA,109.73,691.7983333,-0.458333333
Coffey Park,1/1/2013,121641.5,NA,127.2716667,801.3983333,16.07
Coffey Park,2/1/2013,122757,NA,127.2716667,801.3983333,16.07
Coffey Park,3/1/2013,123691,NA,127.2716667,801.3983333,16.07
Coffey Park,4/1/2013,124344.5,NA,127.2716667,801.3983333,16.07
Coffey Park,5/1/2013,124373.5,NA,127.2716667,801.3983333,16.07
Coffey Park,6/1/2013,124624.5,NA,127.2716667,801.3983333,16.07
Coffey Park,7/1/2013,125062,NA,127.2716667,801.3983333,16.07
Coffey Park,8/1/2013,125487,NA,127.2716667,801.3983333,16.07
Coffey Park,9/1/2013,125484.5,NA,127.2716667,801.3983333,16.07
Coffey Park,10/1/2013,126115,NA,127.2716667,801.3983333,16.07
Coffey Park,11/1/2013,127229.5,NA,127.2716667,801.3983333,16.07
Coffey Park,12/1/2013,128832.5,NA,127.2716667,801.3983333,16.07
Coffey Park,1/1/2014,130938.5,NA,149.4616667,940.1233333,17.48666667
Coffey Park,2/1/2014,129308.25,NA,149.4616667,940.1233333,17.48666667
Coffey Park,3/1/2014,129309.25,NA,149.4616667,940.1233333,17.48666667
Coffey Park,4/1/2014,129649.75,NA,149.4616667,940.1233333,17.48666667
Coffey Park,5/1/2014,192949.8,NA,149.4616667,940.1233333,17.48666667
Coffey Park,6/1/2014,193601,NA,149.4616667,940.1233333,17.48666667
Coffey Park,7/1/2014,194121.4,NA,149.4616667,940.1233333,17.48666667
Coffey Park,8/1/2014,195063.2,NA,149.4616667,940.1233333,17.48666667
Coffey Park,9/1/2014,195669.2,NA,149.4616667,940.1233333,17.48666667
Coffey Park,10/1/2014,195730,NA,149.4616667,940.1233333,17.48666667
Coffey Park,11/1/2014,196127.2,NA,149.4616667,940.1233333,17.48666667
Coffey Park,12/1/2014,196117.2,NA,149.4616667,940.1233333,17.48666667
Coffey Park,1/1/2015,195311.8,NA,160.5766667,1009.576667,7.451666667
Coffey Park,2/1/2015,193952,NA,160.5766667,1009.576667,7.451666667
Coffey Park,3/1/2015,192892,NA,160.5766667,1009.576667,7.451666667
Coffey Park,4/1/2015,192048,NA,160.5766667,1009.576667,7.451666667
Coffey Park,5/1/2015,191455.8,NA,160.5766667,1009.576667,7.451666667
Coffey Park,6/1/2015,189811.2,NA,160.5766667,1009.576667,7.451666667
Coffey Park,7/1/2015,188256.6,NA,160.5766667,1009.576667,7.451666667
Coffey Park,8/1/2015,187705.2,NA,160.5766667,1009.576667,7.451666667
Coffey Park,9/1/2015,188615.6,NA,160.5766667,1009.576667,7.451666667
Coffey Park,10/1/2015,189662,NA,160.5766667,1009.576667,7.451666667
Coffey Park,11/1/2015,189757.4,NA,160.5766667,1009.576667,7.451666667
Coffey Park,12/1/2015,189952.6,NA,160.5766667,1009.576667,7.451666667
Coffey Park,1/1/2016,191385.2,NA,174.5683333,1096.976667,8.723333333
Coffey Park,2/1/2016,194126.8,NA,174.5683333,1096.976667,8.723333333
Coffey Park,3/1/2016,197203.4,NA,174.5683333,1096.976667,8.723333333
Coffey Park,4/1/2016,199434.8,NA,174.5683333,1096.976667,8.723333333
Coffey Park,5/1/2016,201184.4,NA,174.5683333,1096.976667,8.723333333
Coffey Park,6/1/2016,203715.4,NA,174.5683333,1096.976667,8.723333333
Coffey Park,7/1/2016,205552.2,NA,174.5683333,1096.976667,8.723333333
Coffey Park,8/1/2016,206645.6,NA,174.5683333,1096.976667,8.723333333
Coffey Park,9/1/2016,205595.6,NA,174.5683333,1096.976667,8.723333333
Coffey Park,10/1/2016,204553.6,NA,174.5683333,1096.976667,8.723333333
Coffey Park,11/1/2016,203850.2,NA,174.5683333,1096.976667,8.723333333
Coffey Park,12/1/2016,204200.2,NA,174.5683333,1096.976667,8.723333333
Coffey Park,1/1/2017,204383,NA,189.1116667,1187.441667,8.34
Coffey Park,2/1/2017,203836.6,NA,189.1116667,1187.441667,8.34
Coffey Park,3/1/2017,203507.2,NA,189.1116667,1187.441667,8.34
Coffey Park,4/1/2017,202980.2,NA,189.1116667,1187.441667,8.34
Coffey Park,5/1/2017,203388,NA,189.1116667,1187.441667,8.34
Coffey Park,6/1/2017,202635.4,NA,189.1116667,1187.441667,8.34
Coffey Park,7/1/2017,202749.8,NA,189.1116667,1187.441667,8.34
Coffey Park,8/1/2017,201327.6,NA,189.1116667,1187.441667,8.34
Coffey Park,9/1/2017,201415.4,NA,189.1116667,1187.441667,8.34
Coffey Park,10/1/2017,202275.6,NA,189.1116667,1187.441667,8.34
Coffey Park,11/1/2017,203813.4,NA,189.1116667,1187.441667,8.34
Coffey Park,12/1/2017,203520.8,NA,189.1116667,1187.441667,8.34
Coffey Park,1/1/2018,201070.2,NA,206.225,1295.156667,9.048333333
Coffey Park,2/1/2018,198497.8,NA,206.225,1295.156667,9.048333333
Coffey Park,3/1/2018,196354.4,NA,206.225,1295.156667,9.048333333
Coffey Park,4/1/2018,195388.6,NA,206.225,1295.156667,9.048333333
Coffey Park,5/1/2018,193994.6,NA,206.225,1295.156667,9.048333333
Coffey Park,6/1/2018,192951,NA,206.225,1295.156667,9.048333333
Coffey Park,7/1/2018,191951.4,NA,206.225,1295.156667,9.048333333
Coffey Park,8/1/2018,191474.4,NA,206.225,1295.156667,9.048333333
Coffey Park,9/1/2018,190957.6,NA,206.225,1295.156667,9.048333333
Coffey Park,10/1/2018,190865.8,NA,206.225,1295.156667,9.048333333
Coffey Park,11/1/2018,191425.2,NA,206.225,1295.156667,9.048333333
Coffey Park,12/1/2018,191376.4,NA,206.225,1295.156667,9.048333333
Coffey Park,1/1/2019,192031,NA,205.805,1292.048333,-0.205
Coffey Park,2/1/2019,192577.2,NA,205.805,1292.048333,-0.205
Coffey Park,3/1/2019,193404,NA,205.805,1292.048333,-0.205
Coffey Park,4/1/2019,193231,NA,205.805,1292.048333,-0.205
Coffey Park,5/1/2019,194243.6,NA,205.805,1292.048333,-0.205
Coffey Park,6/1/2019,195868.8,NA,205.805,1292.048333,-0.205
Coffey Park,7/1/2019,196856,NA,205.805,1292.048333,-0.205
Coffey Park,8/1/2019,197170.2,NA,205.805,1292.048333,-0.205
Coffey Park,9/1/2019,197146,NA,205.805,1292.048333,-0.205
Coffey Park,10/1/2019,197291,NA,205.805,1292.048333,-0.205
Coffey Park,11/1/2019,196746,NA,205.805,1292.048333,-0.205
Coffey Park,12/1/2019,197225.4,NA,205.805,1292.048333,-0.205
Coffey Park,1/1/2020,198033,NA,206.9083333,1297.943333,0.531666667
Coffey Park,2/1/2020,199215.8,NA,206.9083333,1297.943333,0.531666667
Coffey Park,3/1/2020,200217.4,NA,206.9083333,1297.943333,0.531666667
Coffey Park,4/1/2020,201621.2,NA,206.9083333,1297.943333,0.531666667
Coffey Park,5/1/2020,202296.2,NA,206.9083333,1297.943333,0.531666667
Coffey Park,6/1/2020,217109.8,NA,206.9083333,1297.943333,0.531666667
Coffey Park,7/1/2020,210799,NA,206.9083333,1297.943333,0.531666667
Coffey Park,8/1/2020,195147.8,NA,206.9083333,1297.943333,0.531666667
Coffey Park,9/1/2020,198684.6,NA,206.9083333,1297.943333,0.531666667
Coffey Park,10/1/2020,211333.4,NA,206.9083333,1297.943333,0.531666667
Coffey Park,11/1/2020,212795.2,NA,206.9083333,1297.943333,0.531666667
Coffey Park,12/1/2020,216937.8,NA,206.9083333,1297.943333,0.531666667
Coffey Park,1/1/2021,217906.4,NA,223.9683333,1404.265,8.231666667
Coffey Park,2/1/2021,219677,NA,223.9683333,1404.265,8.231666667
Coffey Park,3/1/2021,214445.8,NA,223.9683333,1404.265,8.231666667
Coffey Park,4/1/2021,223346.8,NA,223.9683333,1404.265,8.231666667
Coffey Park,5/1/2021,226216.2,NA,223.9683333,1404.265,8.231666667
Coffey Park,6/1/2021,227465.4,NA,223.9683333,1404.265,8.231666667
Coffey Park,7/1/2021,230282.4,NA,223.9683333,1404.265,8.231666667
Coffey Park,8/1/2021,232649.8,NA,223.9683333,1404.265,8.231666667
Coffey Park,9/1/2021,235039,NA,223.9683333,1404.265,8.231666667
Coffey Park,10/1/2021,237886.4,NA,223.9683333,1404.265,8.231666667
Coffey Park,11/1/2021,242269.8,NA,223.9683333,1404.265,8.231666667
Coffey Park,12/1/2021,244784.4,NA,223.9683333,1404.265,8.231666667
Grand Isle,2/1/2000,62700,NA,NA,NA,NA
Grand Isle,3/1/2000,63538,NA,NA,NA,NA
Grand Isle,4/1/2000,64329,NA,NA,NA,NA
Grand Isle,5/1/2000,65180,NA,NA,NA,NA
Grand Isle,6/1/2000,66010,NA,NA,NA,NA
Grand Isle,7/1/2000,66327,NA,NA,NA,NA
Grand Isle,8/1/2000,66921,NA,NA,NA,NA
Grand Isle,9/1/2000,67329,NA,NA,NA,NA
Grand Isle,10/1/2000,68001,NA,NA,NA,NA
Grand Isle,11/1/2000,68246,NA,NA,NA,NA
Grand Isle,12/1/2000,68422,NA,NA,NA,NA
Grand Isle,1/1/2001,68619,NA,NA,NA,NA
Grand Isle,2/1/2001,68825,NA,NA,NA,NA
Grand Isle,3/1/2001,69309,NA,NA,NA,NA
Grand Isle,4/1/2001,69477,NA,NA,NA,NA
Grand Isle,5/1/2001,69757,NA,NA,NA,NA
Grand Isle,6/1/2001,70143,NA,NA,NA,NA
Grand Isle,7/1/2001,70718,NA,NA,NA,NA
Grand Isle,8/1/2001,70779,NA,NA,NA,NA
Grand Isle,9/1/2001,70665,NA,NA,NA,NA
Grand Isle,10/1/2001,70418,NA,NA,NA,NA
Grand Isle,11/1/2001,70373,NA,NA,NA,NA
Grand Isle,12/1/2001,70141,NA,NA,NA,NA
Grand Isle,1/1/2002,69851,NA,NA,NA,NA
Grand Isle,2/1/2002,69413,NA,NA,NA,NA
Grand Isle,3/1/2002,69142,NA,NA,NA,NA
Grand Isle,4/1/2002,68910,NA,NA,NA,NA
Grand Isle,5/1/2002,68486,NA,NA,NA,NA
Grand Isle,6/1/2002,67672,NA,NA,NA,NA
Grand Isle,7/1/2002,66965,NA,NA,NA,NA
Grand Isle,8/1/2002,66615,NA,NA,NA,NA
Grand Isle,9/1/2002,66498,NA,NA,NA,NA
Grand Isle,10/1/2002,66527,NA,NA,NA,NA
Grand Isle,11/1/2002,66475,NA,NA,NA,NA
Grand Isle,12/1/2002,67012,NA,NA,NA,NA
Grand Isle,1/1/2003,67491,NA,NA,NA,NA
Grand Isle,2/1/2003,68418,NA,NA,NA,NA
Grand Isle,3/1/2003,68766,NA,NA,NA,NA
Grand Isle,4/1/2003,69076,NA,NA,NA,NA
Grand Isle,5/1/2003,69464,NA,NA,NA,NA
Grand Isle,6/1/2003,69963,NA,NA,NA,NA
Grand Isle,7/1/2003,70510,NA,NA,NA,NA
Grand Isle,8/1/2003,70927,NA,NA,NA,NA
Grand Isle,9/1/2003,71217,NA,NA,NA,NA
Grand Isle,10/1/2003,71178,NA,NA,NA,NA
Grand Isle,11/1/2003,71428,NA,NA,NA,NA
Grand Isle,12/1/2003,71523,NA,NA,NA,NA
Grand Isle,1/1/2004,72069,NA,NA,NA,NA
Grand Isle,2/1/2004,72079,NA,NA,NA,NA
Grand Isle,3/1/2004,72444,NA,NA,NA,NA
Grand Isle,4/1/2004,72751,NA,NA,NA,NA
Grand Isle,5/1/2004,72876,NA,NA,NA,NA
Grand Isle,6/1/2004,72998,NA,NA,NA,NA
Grand Isle,7/1/2004,72892,NA,NA,NA,NA
Grand Isle,8/1/2004,72965,NA,NA,NA,NA
Grand Isle,9/1/2004,73450,NA,NA,NA,NA
Grand Isle,10/1/2004,74185,NA,NA,NA,NA
Grand Isle,11/1/2004,74783,NA,NA,NA,NA
Grand Isle,12/1/2004,74864,NA,NA,NA,NA
Grand Isle,1/1/2005,74252,NA,NA,NA,NA
Grand Isle,2/1/2005,73762,NA,NA,NA,NA
Grand Isle,3/1/2005,73383,NA,NA,NA,NA
Grand Isle,4/1/2005,73437,NA,NA,NA,NA
Grand Isle,5/1/2005,73671,NA,NA,NA,NA
Grand Isle,6/1/2005,74131,NA,NA,NA,NA
Grand Isle,7/1/2005,74797,NA,NA,NA,NA
Grand Isle,8/1/2005,75508,NA,NA,NA,NA
Grand Isle,9/1/2005,75757,NA,NA,NA,NA
Grand Isle,10/1/2005,75991,NA,NA,NA,NA
Grand Isle,11/1/2005,76128,NA,NA,NA,NA
Grand Isle,12/1/2005,76737,NA,NA,NA,NA
Grand Isle,1/1/2006,77694,NA,NA,NA,NA
Grand Isle,2/1/2006,78676,NA,NA,NA,NA
Grand Isle,3/1/2006,79453,NA,NA,NA,NA
Grand Isle,4/1/2006,79947,NA,NA,NA,NA
Grand Isle,5/1/2006,80546,NA,NA,NA,NA
Grand Isle,6/1/2006,80946,NA,NA,NA,NA
Grand Isle,7/1/2006,81074,NA,NA,NA,NA
Grand Isle,8/1/2006,80916,NA,NA,NA,NA
Grand Isle,9/1/2006,80898,NA,NA,NA,NA
Grand Isle,10/1/2006,80960,NA,NA,NA,NA
Grand Isle,11/1/2006,81027,NA,NA,NA,NA
Grand Isle,12/1/2006,81037,NA,NA,NA,NA
Grand Isle,1/1/2007,80986,NA,NA,NA,NA
Grand Isle,2/1/2007,81113,NA,NA,NA,NA
Grand Isle,3/1/2007,81073,NA,NA,NA,NA
Grand Isle,4/1/2007,80985,NA,NA,NA,NA
Grand Isle,5/1/2007,80792,NA,NA,NA,NA
Grand Isle,6/1/2007,80521,NA,NA,NA,NA
Grand Isle,7/1/2007,80319,NA,NA,NA,NA
Grand Isle,8/1/2007,80025,NA,NA,NA,NA
Grand Isle,9/1/2007,79912,NA,NA,NA,NA
Grand Isle,10/1/2007,79680,NA,NA,NA,NA
Grand Isle,11/1/2007,79273,NA,NA,NA,NA
Grand Isle,12/1/2007,78566,NA,NA,NA,NA
Grand Isle,1/1/2008,77711,NA,NA,NA,NA
Grand Isle,2/1/2008,77242,NA,NA,NA,NA
Grand Isle,3/1/2008,77309,NA,NA,NA,NA
Grand Isle,4/1/2008,77367,NA,NA,NA,NA
Grand Isle,5/1/2008,77152,NA,NA,NA,NA
Grand Isle,6/1/2008,76813,NA,NA,NA,NA
Grand Isle,7/1/2008,76761,NA,NA,NA,NA
Grand Isle,8/1/2008,76476,NA,NA,NA,NA
Grand Isle,9/1/2008,75877,NA,NA,NA,NA
Grand Isle,10/1/2008,74987,NA,NA,NA,NA
Grand Isle,11/1/2008,74289,NA,NA,NA,NA
Grand Isle,12/1/2008,73769,NA,NA,NA,NA
Grand Isle,1/1/2009,73629,NA,NA,NA,NA
Grand Isle,2/1/2009,73066,NA,NA,NA,NA
Grand Isle,3/1/2009,72191,NA,NA,NA,NA
Grand Isle,4/1/2009,71044,NA,NA,NA,NA
Grand Isle,5/1/2009,69938,NA,NA,NA,NA
Grand Isle,6/1/2009,69268,NA,NA,NA,NA
Grand Isle,7/1/2009,68604,NA,NA,NA,NA
Grand Isle,8/1/2009,68693,NA,NA,NA,NA
Grand Isle,9/1/2009,68871,NA,NA,NA,NA
Grand Isle,10/1/2009,69401,NA,NA,NA,NA
Grand Isle,11/1/2009,69888,NA,NA,NA,NA
Grand Isle,12/1/2009,70286,NA,NA,NA,NA
Grand Isle,1/1/2010,70415,NA,NA,NA,NA
Grand Isle,2/1/2010,70088,NA,NA,NA,NA
Grand Isle,3/1/2010,69803,NA,NA,NA,NA
Grand Isle,4/1/2010,69787,NA,NA,NA,NA
Grand Isle,5/1/2010,70282,NA,NA,NA,NA
Grand Isle,6/1/2010,70285,NA,NA,NA,NA
Grand Isle,7/1/2010,70108,NA,NA,NA,NA
Grand Isle,8/1/2010,69679,NA,NA,NA,NA
Grand Isle,9/1/2010,69476,NA,NA,NA,NA
Grand Isle,10/1/2010,69008,NA,NA,NA,NA
Grand Isle,11/1/2010,68383,NA,NA,NA,NA
Grand Isle,12/1/2010,67425,NA,NA,NA,NA
Grand Isle,1/1/2011,66352,NA,NA,NA,NA
Grand Isle,2/1/2011,65347,NA,NA,NA,NA
Grand Isle,3/1/2011,64516,NA,NA,NA,NA
Grand Isle,4/1/2011,63797,NA,NA,NA,NA
Grand Isle,5/1/2011,62715,NA,NA,NA,NA
Grand Isle,6/1/2011,62038,NA,NA,NA,NA
Grand Isle,7/1/2011,61469,NA,NA,NA,NA
Grand Isle,8/1/2011,60597,NA,NA,NA,NA
Grand Isle,9/1/2011,59333,NA,NA,NA,NA
Grand Isle,10/1/2011,57723,NA,NA,NA,NA
Grand Isle,11/1/2011,56829,NA,NA,NA,NA
Grand Isle,12/1/2011,56348,NA,NA,NA,NA
Grand Isle,1/1/2012,56160,NA,NA,NA,NA
Grand Isle,2/1/2012,55887,NA,NA,NA,NA
Grand Isle,3/1/2012,55444,NA,NA,NA,NA
Grand Isle,4/1/2012,55136,NA,NA,NA,NA
Grand Isle,5/1/2012,55102,NA,NA,NA,NA
Grand Isle,6/1/2012,54740,NA,NA,NA,NA
Grand Isle,7/1/2012,53796,NA,NA,NA,NA
Grand Isle,8/1/2012,52935,NA,NA,NA,NA
Grand Isle,9/1/2012,52293,NA,NA,NA,NA
Grand Isle,10/1/2012,52587,NA,NA,NA,NA
Grand Isle,11/1/2012,52246,NA,NA,NA,NA
Grand Isle,12/1/2012,52142,NA,NA,NA,NA
Grand Isle,1/1/2013,51914,NA,NA,NA,NA
Grand Isle,2/1/2013,52511,NA,NA,NA,NA
Grand Isle,3/1/2013,52924,NA,NA,NA,NA
Grand Isle,4/1/2013,53304,NA,NA,NA,NA
Grand Isle,5/1/2013,53195,NA,NA,NA,NA
Grand Isle,6/1/2013,53653,NA,NA,NA,NA
Grand Isle,7/1/2013,54467,NA,NA,NA,NA
Grand Isle,8/1/2013,55304,NA,NA,NA,NA
Grand Isle,9/1/2013,55856,NA,NA,NA,NA
Grand Isle,10/1/2013,56047,NA,NA,NA,NA
Grand Isle,11/1/2013,56425,NA,NA,NA,NA
Grand Isle,12/1/2013,56337,NA,NA,NA,NA
Grand Isle,1/1/2014,56242,NA,NA,NA,NA
Grand Isle,2/1/2014,55376,NA,NA,NA,NA
Grand Isle,3/1/2014,54690,NA,NA,NA,NA
Grand Isle,4/1/2014,53785,NA,NA,NA,NA
Grand Isle,5/1/2014,53528,NA,NA,NA,NA
Grand Isle,6/1/2014,53016,NA,NA,NA,NA
Grand Isle,7/1/2014,52650,NA,NA,NA,NA
Grand Isle,8/1/2014,52377,NA,NA,NA,NA
Grand Isle,9/1/2014,52213,NA,NA,NA,NA
Grand Isle,10/1/2014,51766,NA,NA,NA,NA
Grand Isle,11/1/2014,50947,NA,NA,NA,NA
Grand Isle,12/1/2014,50771,NA,NA,NA,NA
Grand Isle,1/1/2015,50623,NA,NA,NA,NA
Grand Isle,2/1/2015,50759,NA,NA,NA,NA
Grand Isle,3/1/2015,50597,NA,NA,NA,NA
Grand Isle,4/1/2015,50431,NA,NA,NA,NA
Grand Isle,5/1/2015,49847,NA,NA,NA,NA
Grand Isle,6/1/2015,48815,NA,NA,NA,NA
Grand Isle,7/1/2015,47830,NA,NA,NA,NA
Grand Isle,8/1/2015,47094,NA,NA,NA,NA
Grand Isle,9/1/2015,46958,NA,NA,NA,NA
Grand Isle,10/1/2015,47219,NA,NA,NA,NA
Grand Isle,11/1/2015,48117,NA,NA,NA,NA
Grand Isle,12/1/2015,48370,NA,NA,NA,NA
Grand Isle,1/1/2016,48395,NA,NA,NA,NA
Grand Isle,2/1/2016,48473,NA,NA,NA,NA
Grand Isle,3/1/2016,49209,NA,NA,NA,NA
Grand Isle,4/1/2016,50066,NA,NA,NA,NA
Grand Isle,5/1/2016,50932,NA,NA,NA,NA
Grand Isle,6/1/2016,52253,NA,NA,NA,NA
Grand Isle,7/1/2016,53845,NA,NA,NA,NA
Grand Isle,8/1/2016,55227,NA,NA,NA,NA
Grand Isle,9/1/2016,56179,NA,NA,NA,NA
Grand Isle,10/1/2016,56713,NA,NA,NA,NA
Grand Isle,11/1/2016,56966,NA,NA,NA,NA
Grand Isle,12/1/2016,57299,NA,NA,NA,NA
Grand Isle,1/1/2017,58158,NA,NA,NA,NA
Grand Isle,2/1/2017,58803,NA,NA,NA,NA
Grand Isle,3/1/2017,59232,NA,NA,NA,NA
Grand Isle,4/1/2017,59607,NA,NA,NA,NA
Grand Isle,5/1/2017,60348,NA,NA,NA,NA
Grand Isle,6/1/2017,61110,NA,NA,NA,NA
Grand Isle,7/1/2017,61307,NA,NA,NA,NA
Grand Isle,8/1/2017,61385,NA,NA,NA,NA
Grand Isle,9/1/2017,61159,NA,NA,NA,NA
Grand Isle,10/1/2017,61157,NA,NA,NA,NA
Grand Isle,11/1/2017,61052,NA,NA,NA,NA
Grand Isle,12/1/2017,61345,NA,NA,NA,NA
Grand Isle,1/1/2018,61611,NA,NA,NA,NA
Grand Isle,2/1/2018,61899,NA,NA,NA,NA
Grand Isle,3/1/2018,62080,NA,NA,NA,NA
Grand Isle,4/1/2018,62123,NA,NA,NA,NA
Grand Isle,5/1/2018,62241,NA,NA,NA,NA
Grand Isle,6/1/2018,62239,NA,NA,NA,NA
Grand Isle,7/1/2018,62729,NA,NA,NA,NA
Grand Isle,8/1/2018,63245,NA,NA,NA,NA
Grand Isle,9/1/2018,64139,NA,NA,NA,NA
Grand Isle,10/1/2018,64998,NA,NA,NA,NA
Grand Isle,11/1/2018,65786,NA,NA,NA,NA
Grand Isle,12/1/2018,66266,NA,NA,NA,NA
Grand Isle,1/1/2019,66424,NA,NA,NA,NA
Grand Isle,2/1/2019,66990,NA,NA,NA,NA
Grand Isle,3/1/2019,67517,NA,NA,NA,NA
Grand Isle,4/1/2019,67975,NA,NA,NA,NA
Grand Isle,5/1/2019,68210,NA,NA,NA,NA
Grand Isle,6/1/2019,69052,NA,NA,NA,NA
Grand Isle,7/1/2019,69852,NA,NA,NA,NA
Grand Isle,8/1/2019,70685,NA,NA,NA,NA
Grand Isle,9/1/2019,71004,NA,NA,NA,NA
Grand Isle,10/1/2019,71431,NA,NA,NA,NA
Grand Isle,11/1/2019,71980,NA,NA,NA,NA
Grand Isle,12/1/2019,72527,NA,NA,NA,NA
Grand Isle,1/1/2020,73175,NA,NA,NA,NA
Grand Isle,2/1/2020,73465,NA,NA,NA,NA
Grand Isle,3/1/2020,73812,NA,NA,NA,NA
Grand Isle,4/1/2020,74240,NA,NA,NA,NA
Grand Isle,5/1/2020,74667,NA,NA,NA,NA
Grand Isle,6/1/2020,76248,NA,NA,NA,NA
Grand Isle,7/1/2020,76661,NA,NA,NA,NA
Grand Isle,8/1/2020,69236,NA,NA,NA,NA
Grand Isle,9/1/2020,70889,NA,NA,NA,NA
Grand Isle,10/1/2020,72326,NA,NA,NA,NA
Grand Isle,11/1/2020,72657,NA,NA,NA,NA
Grand Isle,12/1/2020,81941,NA,NA,NA,NA
Grand Isle,1/1/2021,84844,NA,NA,NA,NA
Grand Isle,2/1/2021,85572,NA,NA,NA,NA
Grand Isle,3/1/2021,87384,NA,NA,NA,NA
Grand Isle,4/1/2021,85770,NA,NA,NA,NA
Grand Isle,5/1/2021,87417,NA,NA,NA,NA
Grand Isle,6/1/2021,90688,NA,NA,NA,NA
Grand Isle,7/1/2021,93479,NA,NA,NA,NA
Grand Isle,8/1/2021,96317,NA,NA,NA,NA
Grand Isle,9/1/2021,101561,NA,NA,NA,NA
Grand Isle,10/1/2021,104216,NA,NA,NA,NA
Grand Isle,11/1/2021,105960,NA,NA,NA,NA
Grand Isle,12/1/2021,106864,NA,NA,NA,NA
Moore,2/1/2000,NA,NA,100,168.8733333,4.52
Moore,3/1/2000,NA,NA,100,168.8733333,4.52
Moore,4/1/2000,NA,NA,100,168.8733333,4.52
Moore,5/1/2000,NA,NA,100,168.8733333,4.52
Moore,6/1/2000,NA,NA,100,168.8733333,4.52
Moore,7/1/2000,NA,NA,100,168.8733333,4.52
Moore,8/1/2000,NA,NA,100,168.8733333,4.52
Moore,9/1/2000,NA,NA,100,168.8733333,4.52
Moore,10/1/2000,NA,NA,100,168.8733333,4.52
Moore,11/1/2000,NA,NA,100,168.8733333,4.52
Moore,12/1/2000,NA,NA,100,168.8733333,4.52
Moore,1/1/2001,NA,NA,104.8566667,177.07,4.856666667
Moore,2/1/2001,NA,NA,104.8566667,177.07,4.856666667
Moore,3/1/2001,NA,NA,104.8566667,177.07,4.856666667
Moore,4/1/2001,NA,NA,104.8566667,177.07,4.856666667
Moore,5/1/2001,NA,NA,104.8566667,177.07,4.856666667
Moore,6/1/2001,NA,NA,104.8566667,177.07,4.856666667
Moore,7/1/2001,NA,NA,104.8566667,177.07,4.856666667
Moore,8/1/2001,NA,NA,104.8566667,177.07,4.856666667
Moore,9/1/2001,NA,NA,104.8566667,177.07,4.856666667
Moore,10/1/2001,NA,NA,104.8566667,177.07,4.856666667
Moore,11/1/2001,NA,NA,104.8566667,177.07,4.856666667
Moore,12/1/2001,NA,NA,104.8566667,177.07,4.856666667
Moore,1/1/2002,NA,NA,109.2066667,184.49,4.146666667
Moore,2/1/2002,NA,NA,109.2066667,184.49,4.146666667
Moore,3/1/2002,NA,NA,109.2066667,184.49,4.146666667
Moore,4/1/2002,NA,NA,109.2066667,184.49,4.146666667
Moore,5/1/2002,NA,NA,109.2066667,184.49,4.146666667
Moore,6/1/2002,NA,NA,109.2066667,184.49,4.146666667
Moore,7/1/2002,NA,NA,109.2066667,184.49,4.146666667
Moore,8/1/2002,NA,NA,109.2066667,184.49,4.146666667
Moore,9/1/2002,NA,NA,109.2066667,184.49,4.146666667
Moore,10/1/2002,NA,NA,109.2066667,184.49,4.146666667
Moore,11/1/2002,NA,NA,109.2066667,184.49,4.146666667
Moore,12/1/2002,NA,NA,109.2066667,184.49,4.146666667
Moore,1/1/2003,NA,NA,111.92,189.52,2.493333333
Moore,2/1/2003,NA,NA,111.92,189.52,2.493333333
Moore,3/1/2003,NA,NA,111.92,189.52,2.493333333
Moore,4/1/2003,NA,NA,111.92,189.52,2.493333333
Moore,5/1/2003,NA,NA,111.92,189.52,2.493333333
Moore,6/1/2003,NA,NA,111.92,189.52,2.493333333
Moore,7/1/2003,NA,NA,111.92,189.52,2.493333333
Moore,8/1/2003,NA,NA,111.92,189.52,2.493333333
Moore,9/1/2003,NA,NA,111.92,189.52,2.493333333
Moore,10/1/2003,NA,NA,111.92,189.52,2.493333333
Moore,11/1/2003,61782,NA,111.92,189.52,2.493333333
Moore,12/1/2003,62190,NA,111.92,189.52,2.493333333
Moore,1/1/2004,62636,NA,118.05,199.88,5.466666667
Moore,2/1/2004,63624,NA,118.05,199.88,5.466666667
Moore,3/1/2004,65118,NA,118.05,199.88,5.466666667
Moore,4/1/2004,66897,NA,118.05,199.88,5.466666667
Moore,5/1/2004,68678,NA,118.05,199.88,5.466666667
Moore,6/1/2004,70593,NA,118.05,199.88,5.466666667
Moore,7/1/2004,72145,NA,118.05,199.88,5.466666667
Moore,8/1/2004,73498,NA,118.05,199.88,5.466666667
Moore,9/1/2004,74028,NA,118.05,199.88,5.466666667
Moore,10/1/2004,74048,NA,118.05,199.88,5.466666667
Moore,11/1/2004,73585,NA,118.05,199.88,5.466666667
Moore,12/1/2004,73437,NA,118.05,199.88,5.466666667
Moore,1/1/2005,73707,NA,124.4666667,210.6566667,5.41
Moore,2/1/2005,74062,NA,124.4666667,210.6566667,5.41
Moore,3/1/2005,73581,NA,124.4666667,210.6566667,5.41
Moore,4/1/2005,72732,NA,124.4666667,210.6566667,5.41
Moore,5/1/2005,71625,NA,124.4666667,210.6566667,5.41
Moore,6/1/2005,70400,NA,124.4666667,210.6566667,5.41
Moore,7/1/2005,69242,NA,124.4666667,210.6566667,5.41
Moore,8/1/2005,68676,NA,124.4666667,210.6566667,5.41
Moore,9/1/2005,68865,NA,124.4666667,210.6566667,5.41
Moore,10/1/2005,69994,NA,124.4666667,210.6566667,5.41
Moore,11/1/2005,71898,NA,124.4666667,210.6566667,5.41
Moore,12/1/2005,73909,NA,124.4666667,210.6566667,5.41
Moore,1/1/2006,75695,NA,129.1,219.0133333,3.76
Moore,2/1/2006,77310,NA,129.1,219.0133333,3.76
Moore,3/1/2006,78623,NA,129.1,219.0133333,3.76
Moore,4/1/2006,79444,NA,129.1,219.0133333,3.76
Moore,5/1/2006,80583,NA,129.1,219.0133333,3.76
Moore,6/1/2006,81408,NA,129.1,219.0133333,3.76
Moore,7/1/2006,82954,NA,129.1,219.0133333,3.76
Moore,8/1/2006,83877,NA,129.1,219.0133333,3.76
Moore,9/1/2006,85018,NA,129.1,219.0133333,3.76
Moore,10/1/2006,85157,NA,129.1,219.0133333,3.76
Moore,11/1/2006,84724,NA,129.1,219.0133333,3.76
Moore,12/1/2006,84384,NA,129.1,219.0133333,3.76
Moore,1/1/2007,84115,NA,132.76,225.2166667,2.833333333
Moore,2/1/2007,83778,NA,132.76,225.2166667,2.833333333
Moore,3/1/2007,83436,NA,132.76,225.2166667,2.833333333
Moore,4/1/2007,83304,NA,132.76,225.2166667,2.833333333
Moore,5/1/2007,82912,NA,132.76,225.2166667,2.833333333
Moore,6/1/2007,82746,NA,132.76,225.2166667,2.833333333
Moore,7/1/2007,82402,NA,132.76,225.2166667,2.833333333
Moore,8/1/2007,81726,NA,132.76,225.2166667,2.833333333
Moore,9/1/2007,81696,NA,132.76,225.2166667,2.833333333
Moore,10/1/2007,82144,NA,132.76,225.2166667,2.833333333
Moore,11/1/2007,82462,NA,132.76,225.2166667,2.833333333
Moore,12/1/2007,81384,NA,132.76,225.2166667,2.833333333
Moore,1/1/2008,79524,NA,135.0566667,228.3,1.726666667
Moore,2/1/2008,78166,NA,135.0566667,228.3,1.726666667
Moore,3/1/2008,77098,NA,135.0566667,228.3,1.726666667
Moore,4/1/2008,76206,NA,135.0566667,228.3,1.726666667
Moore,5/1/2008,75651,NA,135.0566667,228.3,1.726666667
Moore,6/1/2008,75201,NA,135.0566667,228.3,1.726666667
Moore,7/1/2008,74454,NA,135.0566667,228.3,1.726666667
Moore,8/1/2008,74138,NA,135.0566667,228.3,1.726666667
Moore,9/1/2008,72985,NA,135.0566667,228.3,1.726666667
Moore,10/1/2008,71716,NA,135.0566667,228.3,1.726666667
Moore,11/1/2008,70532,NA,135.0566667,228.3,1.726666667
Moore,12/1/2008,69994,NA,135.0566667,228.3,1.726666667
Moore,1/1/2009,70385,NA,133.74,226.43,-0.92
Moore,2/1/2009,70773,NA,133.74,226.43,-0.92
Moore,3/1/2009,71727,NA,133.74,226.43,-0.92
Moore,4/1/2009,72583,NA,133.74,226.43,-0.92
Moore,5/1/2009,72812,NA,133.74,226.43,-0.92
Moore,6/1/2009,72445,NA,133.74,226.43,-0.92
Moore,7/1/2009,71097,NA,133.74,226.43,-0.92
Moore,8/1/2009,69531,NA,133.74,226.43,-0.92
Moore,9/1/2009,67649,NA,133.74,226.43,-0.92
Moore,10/1/2009,67186,NA,133.74,226.43,-0.92
Moore,11/1/2009,66602,NA,133.74,226.43,-0.92
Moore,12/1/2009,66483,NA,133.74,226.43,-0.92
Moore,1/1/2010,65213,NA,135.98,230.52,1.636666667
Moore,2/1/2010,63600,NA,135.98,230.52,1.636666667
Moore,3/1/2010,61563,NA,135.98,230.52,1.636666667
Moore,4/1/2010,59705,NA,135.98,230.52,1.636666667
Moore,5/1/2010,58475,NA,135.98,230.52,1.636666667
Moore,6/1/2010,57787,NA,135.98,230.52,1.636666667
Moore,7/1/2010,58150,NA,135.98,230.52,1.636666667
Moore,8/1/2010,58247,NA,135.98,230.52,1.636666667
Moore,9/1/2010,58909,NA,135.98,230.52,1.636666667
Moore,10/1/2010,58032,NA,135.98,230.52,1.636666667
Moore,11/1/2010,57631,NA,135.98,230.52,1.636666667
Moore,12/1/2010,56876,NA,135.98,230.52,1.636666667
Moore,1/1/2011,56889,NA,132.3533333,224.3766667,-2.643333333
Moore,2/1/2011,56994,NA,132.3533333,224.3766667,-2.643333333
Moore,3/1/2011,57328,NA,132.3533333,224.3766667,-2.643333333
Moore,4/1/2011,57555,NA,132.3533333,224.3766667,-2.643333333
Moore,5/1/2011,57530,NA,132.3533333,224.3766667,-2.643333333
Moore,6/1/2011,57175,NA,132.3533333,224.3766667,-2.643333333
Moore,7/1/2011,56711,NA,132.3533333,224.3766667,-2.643333333
Moore,8/1/2011,56646,NA,132.3533333,224.3766667,-2.643333333
Moore,9/1/2011,55884,NA,132.3533333,224.3766667,-2.643333333
Moore,10/1/2011,55468,NA,132.3533333,224.3766667,-2.643333333
Moore,11/1/2011,54531,NA,132.3533333,224.3766667,-2.643333333
Moore,12/1/2011,54520,NA,132.3533333,224.3766667,-2.643333333
Moore,1/1/2012,54138,NA,133.9233333,226.9233333,1.153333333
Moore,2/1/2012,54554,NA,133.9233333,226.9233333,1.153333333
Moore,3/1/2012,54262,NA,133.9233333,226.9233333,1.153333333
Moore,4/1/2012,54300,NA,133.9233333,226.9233333,1.153333333
Moore,5/1/2012,53547,NA,133.9233333,226.9233333,1.153333333
Moore,6/1/2012,52697,NA,133.9233333,226.9233333,1.153333333
Moore,7/1/2012,51328,NA,133.9233333,226.9233333,1.153333333
Moore,8/1/2012,50056,NA,133.9233333,226.9233333,1.153333333
Moore,9/1/2012,49469,NA,133.9233333,226.9233333,1.153333333
Moore,10/1/2012,48651,NA,133.9233333,226.9233333,1.153333333
Moore,11/1/2012,48150,NA,133.9233333,226.9233333,1.153333333
Moore,12/1/2012,47104,NA,133.9233333,226.9233333,1.153333333
Moore,1/1/2013,46733,NA,140.2533333,236.6966667,4.756666667
Moore,2/1/2013,45845,NA,140.2533333,236.6966667,4.756666667
Moore,3/1/2013,45120,NA,140.2533333,236.6966667,4.756666667
Moore,4/1/2013,44538,NA,140.2533333,236.6966667,4.756666667
Moore,5/1/2013,44759,NA,140.2533333,236.6966667,4.756666667
Moore,6/1/2013,45369,NA,140.2533333,236.6966667,4.756666667
Moore,7/1/2013,45868,NA,140.2533333,236.6966667,4.756666667
Moore,8/1/2013,45915,NA,140.2533333,236.6966667,4.756666667
Moore,9/1/2013,45794,NA,140.2533333,236.6966667,4.756666667
Moore,10/1/2013,46210,NA,140.2533333,236.6966667,4.756666667
Moore,11/1/2013,46691,NA,140.2533333,236.6966667,4.756666667
Moore,12/1/2013,46798,NA,140.2533333,236.6966667,4.756666667
Moore,1/1/2014,46823,NA,144.9133333,246.3333333,3.356666667
Moore,2/1/2014,46361,NA,144.9133333,246.3333333,3.356666667
Moore,3/1/2014,46467,NA,144.9133333,246.3333333,3.356666667
Moore,4/1/2014,45846,NA,144.9133333,246.3333333,3.356666667
Moore,5/1/2014,45630,NA,144.9133333,246.3333333,3.356666667
Moore,6/1/2014,45178,NA,144.9133333,246.3333333,3.356666667
Moore,7/1/2014,45309,NA,144.9133333,246.3333333,3.356666667
Moore,8/1/2014,45683,NA,144.9133333,246.3333333,3.356666667
Moore,9/1/2014,45917,NA,144.9133333,246.3333333,3.356666667
Moore,10/1/2014,45932,NA,144.9133333,246.3333333,3.356666667
Moore,11/1/2014,45172,NA,144.9133333,246.3333333,3.356666667
Moore,12/1/2014,45155,NA,144.9133333,246.3333333,3.356666667
Moore,1/1/2015,44817,NA,147.8533333,250.68,2.1
Moore,2/1/2015,45472,NA,147.8533333,250.68,2.1
Moore,3/1/2015,45924,NA,147.8533333,250.68,2.1
Moore,4/1/2015,46876,NA,147.8533333,250.68,2.1
Moore,5/1/2015,47216,NA,147.8533333,250.68,2.1
Moore,6/1/2015,47643,NA,147.8533333,250.68,2.1
Moore,7/1/2015,47979,NA,147.8533333,250.68,2.1
Moore,8/1/2015,48385,NA,147.8533333,250.68,2.1
Moore,9/1/2015,48532,NA,147.8533333,250.68,2.1
Moore,10/1/2015,48951,NA,147.8533333,250.68,2.1
Moore,11/1/2015,50432,NA,147.8533333,250.68,2.1
Moore,12/1/2015,51345,NA,147.8533333,250.68,2.1
Moore,1/1/2016,51838,NA,150.53,254.9733333,1.803333333
Moore,2/1/2016,51673,NA,150.53,254.9733333,1.803333333
Moore,3/1/2016,51879,NA,150.53,254.9733333,1.803333333
Moore,4/1/2016,52272,NA,150.53,254.9733333,1.803333333
Moore,5/1/2016,53081,NA,150.53,254.9733333,1.803333333
Moore,6/1/2016,53865,NA,150.53,254.9733333,1.803333333
Moore,7/1/2016,54681,NA,150.53,254.9733333,1.803333333
Moore,8/1/2016,55015,NA,150.53,254.9733333,1.803333333
Moore,9/1/2016,55747,NA,150.53,254.9733333,1.803333333
Moore,10/1/2016,56294,NA,150.53,254.9733333,1.803333333
Moore,11/1/2016,56788,NA,150.53,254.9733333,1.803333333
Moore,12/1/2016,57400,NA,150.53,254.9733333,1.803333333
Moore,1/1/2017,58653,NA,155.9766667,264.25,3.566666667
Moore,2/1/2017,59993,NA,155.9766667,264.25,3.566666667
Moore,3/1/2017,61134,NA,155.9766667,264.25,3.566666667
Moore,4/1/2017,61834,NA,155.9766667,264.25,3.566666667
Moore,5/1/2017,62292,NA,155.9766667,264.25,3.566666667
Moore,6/1/2017,63022,NA,155.9766667,264.25,3.566666667
Moore,7/1/2017,63802,NA,155.9766667,264.25,3.566666667
Moore,8/1/2017,65418,NA,155.9766667,264.25,3.566666667
Moore,9/1/2017,66921,NA,155.9766667,264.25,3.566666667
Moore,10/1/2017,67716,NA,155.9766667,264.25,3.566666667
Moore,11/1/2017,67716,NA,155.9766667,264.25,3.566666667
Moore,12/1/2017,67889,NA,155.9766667,264.25,3.566666667
Moore,1/1/2018,68815,NA,160.4033333,271.9366667,2.89
Moore,2/1/2018,70104,NA,160.4033333,271.9366667,2.89
Moore,3/1/2018,70875,NA,160.4033333,271.9366667,2.89
Moore,4/1/2018,71557,NA,160.4033333,271.9366667,2.89
Moore,5/1/2018,72091,NA,160.4033333,271.9366667,2.89
Moore,6/1/2018,72085,NA,160.4033333,271.9366667,2.89
Moore,7/1/2018,71542,NA,160.4033333,271.9366667,2.89
Moore,8/1/2018,70644,NA,160.4033333,271.9366667,2.89
Moore,9/1/2018,70372,NA,160.4033333,271.9366667,2.89
Moore,10/1/2018,70802,NA,160.4033333,271.9366667,2.89
Moore,11/1/2018,71999,NA,160.4033333,271.9366667,2.89
Moore,12/1/2018,73541,NA,160.4033333,271.9366667,2.89
Moore,1/1/2019,74678,NA,166.2166667,281.86,3.53
Moore,2/1/2019,75266,NA,166.2166667,281.86,3.53
Moore,3/1/2019,75784,NA,166.2166667,281.86,3.53
Moore,4/1/2019,76086,NA,166.2166667,281.86,3.53
Moore,5/1/2019,76012,NA,166.2166667,281.86,3.53
Moore,6/1/2019,76375,NA,166.2166667,281.86,3.53
Moore,7/1/2019,77049,NA,166.2166667,281.86,3.53
Moore,8/1/2019,78046,NA,166.2166667,281.86,3.53
Moore,9/1/2019,78138,NA,166.2166667,281.86,3.53
Moore,10/1/2019,78422,NA,166.2166667,281.86,3.53
Moore,11/1/2019,78544,NA,166.2166667,281.86,3.53
Moore,12/1/2019,78384,NA,166.2166667,281.86,3.53
Moore,1/1/2020,78114,NA,175.3133333,297.64,5.606666667
Moore,2/1/2020,78208,NA,175.3133333,297.64,5.606666667
Moore,3/1/2020,78758,NA,175.3133333,297.64,5.606666667
Moore,4/1/2020,79699,NA,175.3133333,297.64,5.606666667
Moore,5/1/2020,81117,NA,175.3133333,297.64,5.606666667
Moore,6/1/2020,82600,NA,175.3133333,297.64,5.606666667
Moore,7/1/2020,81953,NA,175.3133333,297.64,5.606666667
Moore,8/1/2020,80297,NA,175.3133333,297.64,5.606666667
Moore,9/1/2020,82878,NA,175.3133333,297.64,5.606666667
Moore,10/1/2020,91198,NA,175.3133333,297.64,5.606666667
Moore,11/1/2020,92018,NA,175.3133333,297.64,5.606666667
Moore,12/1/2020,94174,NA,175.3133333,297.64,5.606666667
Moore,1/1/2021,97623,NA,188.88,321.4,7.673333333
Moore,2/1/2021,100303,NA,188.88,321.4,7.673333333
Moore,3/1/2021,97810,NA,188.88,321.4,7.673333333
Moore,4/1/2021,98294,NA,188.88,321.4,7.673333333
Moore,5/1/2021,100329,NA,188.88,321.4,7.673333333
Moore,6/1/2021,98617,NA,188.88,321.4,7.673333333
Moore,7/1/2021,101290,NA,188.88,321.4,7.673333333
Moore,8/1/2021,104135,NA,188.88,321.4,7.673333333
Moore,9/1/2021,110874,NA,188.88,321.4,7.673333333
Moore,10/1/2021,112334,NA,188.88,321.4,7.673333333
Moore,11/1/2021,114601,NA,188.88,321.4,7.673333333
Moore,12/1/2021,117688,NA,188.88,321.4,7.673333333
New Orleans,2/1/2000,126336.7,NA,100,179.6929412,9.745294118
New Orleans,3/1/2000,126716.3,NA,100,179.6929412,9.745294118
New Orleans,4/1/2000,127090.5,NA,100,179.6929412,9.745294118
New Orleans,5/1/2000,127440.1,NA,100,179.6929412,9.745294118
New Orleans,6/1/2000,127757.8,NA,100,179.6929412,9.745294118
New Orleans,7/1/2000,127887.9,NA,100,179.6929412,9.745294118
New Orleans,8/1/2000,127891.3,NA,100,179.6929412,9.745294118
New Orleans,9/1/2000,127709.2,NA,100,179.6929412,9.745294118
New Orleans,10/1/2000,127932.1,NA,100,179.6929412,9.745294118
New Orleans,11/1/2000,128627.2,NA,100,179.6929412,9.745294118
New Orleans,12/1/2000,129627.1,NA,100,179.6929412,9.745294118
New Orleans,1/1/2001,121756.9091,NA,106.6564706,191.8017647,6.656470588
New Orleans,2/1/2001,122461.0909,NA,106.6564706,191.8017647,6.656470588
New Orleans,3/1/2001,122898.5455,NA,106.6564706,191.8017647,6.656470588
New Orleans,4/1/2001,123407.0909,NA,106.6564706,191.8017647,6.656470588
New Orleans,5/1/2001,124019.4545,NA,106.6564706,191.8017647,6.656470588
New Orleans,6/1/2001,124974.3636,NA,106.6564706,191.8017647,6.656470588
New Orleans,7/1/2001,125860.4545,NA,106.6564706,191.8017647,6.656470588
New Orleans,8/1/2001,126455.9091,NA,106.6564706,191.8017647,6.656470588
New Orleans,9/1/2001,126974.5455,NA,106.6564706,191.8017647,6.656470588
New Orleans,10/1/2001,127408.2727,NA,106.6564706,191.8017647,6.656470588
New Orleans,11/1/2001,127703.3636,NA,106.6564706,191.8017647,6.656470588
New Orleans,12/1/2001,127871.1818,NA,106.6564706,191.8017647,6.656470588
New Orleans,1/1/2002,128171.8182,NA,112.0652941,201.6470588,5.051764706
New Orleans,2/1/2002,128483.4545,NA,112.0652941,201.6470588,5.051764706
New Orleans,3/1/2002,128957.4545,NA,112.0652941,201.6470588,5.051764706
New Orleans,4/1/2002,129460.1818,NA,112.0652941,201.6470588,5.051764706
New Orleans,5/1/2002,130080.8182,NA,112.0652941,201.6470588,5.051764706
New Orleans,6/1/2002,130417.6364,NA,112.0652941,201.6470588,5.051764706
New Orleans,7/1/2002,130684.7273,NA,112.0652941,201.6470588,5.051764706
New Orleans,8/1/2002,130978.7273,NA,112.0652941,201.6470588,5.051764706
New Orleans,9/1/2002,131264.5455,NA,112.0652941,201.6470588,5.051764706
New Orleans,10/1/2002,131675.8182,NA,112.0652941,201.6470588,5.051764706
New Orleans,11/1/2002,131970.4545,NA,112.0652941,201.6470588,5.051764706
New Orleans,12/1/2002,132196,NA,112.0652941,201.6470588,5.051764706
New Orleans,1/1/2003,132244.5455,NA,118.6652941,213.3894118,5.892941176
New Orleans,2/1/2003,132461.0909,NA,118.6652941,213.3894118,5.892941176
New Orleans,3/1/2003,132863.6364,NA,118.6652941,213.3894118,5.892941176
New Orleans,4/1/2003,133093.8182,NA,118.6652941,213.3894118,5.892941176
New Orleans,5/1/2003,133053.4545,NA,118.6652941,213.3894118,5.892941176
New Orleans,6/1/2003,132691.6364,NA,118.6652941,213.3894118,5.892941176
New Orleans,7/1/2003,132473.6364,NA,118.6652941,213.3894118,5.892941176
New Orleans,8/1/2003,132205.9091,NA,118.6652941,213.3894118,5.892941176
New Orleans,9/1/2003,132135.6364,NA,118.6652941,213.3894118,5.892941176
New Orleans,10/1/2003,132084.9091,NA,118.6652941,213.3894118,5.892941176
New Orleans,11/1/2003,132494,NA,118.6652941,213.3894118,5.892941176
New Orleans,12/1/2003,132953.6364,NA,118.6652941,213.3894118,5.892941176
New Orleans,1/1/2004,133250.0909,NA,129.4764706,232.5705882,9.009411765
New Orleans,2/1/2004,133222.0909,NA,129.4764706,232.5705882,9.009411765
New Orleans,3/1/2004,133199.0909,NA,129.4764706,232.5705882,9.009411765
New Orleans,4/1/2004,133448.0909,NA,129.4764706,232.5705882,9.009411765
New Orleans,5/1/2004,133807.5455,NA,129.4764706,232.5705882,9.009411765
New Orleans,6/1/2004,134456.0909,NA,129.4764706,232.5705882,9.009411765
New Orleans,7/1/2004,135343.2727,NA,129.4764706,232.5705882,9.009411765
New Orleans,8/1/2004,136241.1818,NA,129.4764706,232.5705882,9.009411765
New Orleans,9/1/2004,137187.3636,NA,129.4764706,232.5705882,9.009411765
New Orleans,10/1/2004,137763.3636,NA,129.4764706,232.5705882,9.009411765
New Orleans,11/1/2004,138071.1818,NA,129.4764706,232.5705882,9.009411765
New Orleans,12/1/2004,138469.1818,NA,129.4764706,232.5705882,9.009411765
New Orleans,1/1/2005,139141.0909,NA,139.5841176,250.7935294,7.767647059
New Orleans,2/1/2005,140283,NA,139.5841176,250.7935294,7.767647059
New Orleans,3/1/2005,139616.1667,NA,139.5841176,250.7935294,7.767647059
New Orleans,4/1/2005,140385.9167,NA,139.5841176,250.7935294,7.767647059
New Orleans,5/1/2005,141018.0833,NA,139.5841176,250.7935294,7.767647059
New Orleans,6/1/2005,141547.5833,NA,139.5841176,250.7935294,7.767647059
New Orleans,7/1/2005,141852.9167,NA,139.5841176,250.7935294,7.767647059
New Orleans,8/1/2005,142563.1667,NA,139.5841176,250.7935294,7.767647059
New Orleans,9/1/2005,143570.5833,NA,139.5841176,250.7935294,7.767647059
New Orleans,10/1/2005,145113.6667,NA,139.5841176,250.7935294,7.767647059
New Orleans,11/1/2005,146412.25,NA,139.5841176,250.7935294,7.767647059
New Orleans,12/1/2005,147724.0833,NA,139.5841176,250.7935294,7.767647059
New Orleans,1/1/2006,148876.5833,NA,149.8723529,269.8476471,7.332941176
New Orleans,2/1/2006,150109.5,NA,149.8723529,269.8476471,7.332941176
New Orleans,3/1/2006,151277.8333,NA,149.8723529,269.8476471,7.332941176
New Orleans,4/1/2006,152490.0833,NA,149.8723529,269.8476471,7.332941176
New Orleans,5/1/2006,153933.0833,NA,149.8723529,269.8476471,7.332941176
New Orleans,6/1/2006,155607.9167,NA,149.8723529,269.8476471,7.332941176
New Orleans,7/1/2006,157383.3333,NA,149.8723529,269.8476471,7.332941176
New Orleans,8/1/2006,158652.6667,NA,149.8723529,269.8476471,7.332941176
New Orleans,9/1/2006,159656.0833,NA,149.8723529,269.8476471,7.332941176
New Orleans,10/1/2006,160425.5,NA,149.8723529,269.8476471,7.332941176
New Orleans,11/1/2006,161760.9167,NA,149.8723529,269.8476471,7.332941176
New Orleans,12/1/2006,162894,NA,149.8723529,269.8476471,7.332941176
New Orleans,1/1/2007,162343.5385,NA,155.2170588,279.3505882,3.939411765
New Orleans,2/1/2007,162807,NA,155.2170588,279.3505882,3.939411765
New Orleans,3/1/2007,163654.1538,NA,155.2170588,279.3505882,3.939411765
New Orleans,4/1/2007,164482.6923,NA,155.2170588,279.3505882,3.939411765
New Orleans,5/1/2007,165273.7692,NA,155.2170588,279.3505882,3.939411765
New Orleans,6/1/2007,165822.9231,NA,155.2170588,279.3505882,3.939411765
New Orleans,7/1/2007,166397.7692,NA,155.2170588,279.3505882,3.939411765
New Orleans,8/1/2007,167493.7692,NA,155.2170588,279.3505882,3.939411765
New Orleans,9/1/2007,168665.0769,NA,155.2170588,279.3505882,3.939411765
New Orleans,10/1/2007,169612.3846,NA,155.2170588,279.3505882,3.939411765
New Orleans,11/1/2007,169983.9231,NA,155.2170588,279.3505882,3.939411765
New Orleans,12/1/2007,170239.9231,NA,155.2170588,279.3505882,3.939411765
New Orleans,1/1/2008,170462.6154,NA,153.3464706,275.7647059,-1.043529412
New Orleans,2/1/2008,171120.3077,NA,153.3464706,275.7647059,-1.043529412
New Orleans,3/1/2008,171431.6923,NA,153.3464706,275.7647059,-1.043529412
New Orleans,4/1/2008,171858.4615,NA,153.3464706,275.7647059,-1.043529412
New Orleans,5/1/2008,171983.3846,NA,153.3464706,275.7647059,-1.043529412
New Orleans,6/1/2008,172332.2308,NA,153.3464706,275.7647059,-1.043529412
New Orleans,7/1/2008,172363.1538,NA,153.3464706,275.7647059,-1.043529412
New Orleans,8/1/2008,171947.4615,NA,153.3464706,275.7647059,-1.043529412
New Orleans,9/1/2008,171215.3846,NA,153.3464706,275.7647059,-1.043529412
New Orleans,10/1/2008,170659.6923,NA,153.3464706,275.7647059,-1.043529412
New Orleans,11/1/2008,170409.2308,NA,153.3464706,275.7647059,-1.043529412
New Orleans,12/1/2008,170139,NA,153.3464706,275.7647059,-1.043529412
New Orleans,1/1/2009,169562.4615,NA,152.7829412,274.4076471,-0.405294118
New Orleans,2/1/2009,168684.6923,NA,152.7829412,274.4076471,-0.405294118
New Orleans,3/1/2009,167931.3077,NA,152.7829412,274.4076471,-0.405294118
New Orleans,4/1/2009,167119.1538,NA,152.7829412,274.4076471,-0.405294118
New Orleans,5/1/2009,166299.6154,NA,152.7829412,274.4076471,-0.405294118
New Orleans,6/1/2009,165055.3077,NA,152.7829412,274.4076471,-0.405294118
New Orleans,7/1/2009,163843,NA,152.7829412,274.4076471,-0.405294118
New Orleans,8/1/2009,162606.6923,NA,152.7829412,274.4076471,-0.405294118
New Orleans,9/1/2009,161554.0769,NA,152.7829412,274.4076471,-0.405294118
New Orleans,10/1/2009,160602.1538,NA,152.7829412,274.4076471,-0.405294118
New Orleans,11/1/2009,159652.3846,NA,152.7829412,274.4076471,-0.405294118
New Orleans,12/1/2009,159067.3077,NA,152.7829412,274.4076471,-0.405294118
New Orleans,1/1/2010,158888.6923,NA,148.9264706,267.6152941,-2.611764706
New Orleans,2/1/2010,158602.2308,NA,148.9264706,267.6152941,-2.611764706
New Orleans,3/1/2010,158097.3846,NA,148.9264706,267.6152941,-2.611764706
New Orleans,4/1/2010,157114.7692,NA,148.9264706,267.6152941,-2.611764706
New Orleans,5/1/2010,156651.5385,NA,148.9264706,267.6152941,-2.611764706
New Orleans,6/1/2010,156514.0769,NA,148.9264706,267.6152941,-2.611764706
New Orleans,7/1/2010,156323.3846,NA,148.9264706,267.6152941,-2.611764706
New Orleans,8/1/2010,155950.6923,NA,148.9264706,267.6152941,-2.611764706
New Orleans,9/1/2010,155361.0769,NA,148.9264706,267.6152941,-2.611764706
New Orleans,10/1/2010,154719.1538,NA,148.9264706,267.6152941,-2.611764706
New Orleans,11/1/2010,154075.0769,NA,148.9264706,267.6152941,-2.611764706
New Orleans,12/1/2010,153226.2308,NA,148.9264706,267.6152941,-2.611764706
New Orleans,1/1/2011,152537.7692,NA,149.76,269.3105882,0.425882353
New Orleans,2/1/2011,151952.5385,NA,149.76,269.3105882,0.425882353
New Orleans,3/1/2011,151407.6923,NA,149.76,269.3105882,0.425882353
New Orleans,4/1/2011,150880.4615,NA,149.76,269.3105882,0.425882353
New Orleans,5/1/2011,150050.9231,NA,149.76,269.3105882,0.425882353
New Orleans,6/1/2011,149117,NA,149.76,269.3105882,0.425882353
New Orleans,7/1/2011,148470.5385,NA,149.76,269.3105882,0.425882353
New Orleans,8/1/2011,147997.3077,NA,149.76,269.3105882,0.425882353
New Orleans,9/1/2011,147775.0769,NA,149.76,269.3105882,0.425882353
New Orleans,10/1/2011,146449.5714,NA,149.76,269.3105882,0.425882353
New Orleans,11/1/2011,145807,NA,149.76,269.3105882,0.425882353
New Orleans,12/1/2011,145061,NA,149.76,269.3105882,0.425882353
New Orleans,1/1/2012,143860.1429,NA,151.0817647,271.9011765,0.474117647
New Orleans,2/1/2012,143036.0714,NA,151.0817647,271.9011765,0.474117647
New Orleans,3/1/2012,142531.7857,NA,151.0817647,271.9011765,0.474117647
New Orleans,4/1/2012,142549.2143,NA,151.0817647,271.9011765,0.474117647
New Orleans,5/1/2012,142497.1429,NA,151.0817647,271.9011765,0.474117647
New Orleans,6/1/2012,142494.9286,NA,151.0817647,271.9011765,0.474117647
New Orleans,7/1/2012,142342.7857,NA,151.0817647,271.9011765,0.474117647
New Orleans,8/1/2012,142258.3571,NA,151.0817647,271.9011765,0.474117647
New Orleans,9/1/2012,141938.6429,NA,151.0817647,271.9011765,0.474117647
New Orleans,10/1/2012,141755.1429,NA,151.0817647,271.9011765,0.474117647
New Orleans,11/1/2012,141788.8571,NA,151.0817647,271.9011765,0.474117647
New Orleans,12/1/2012,141941.2143,NA,151.0817647,271.9011765,0.474117647
New Orleans,1/1/2013,142252.2143,NA,159.7711765,287.7935294,5.534117647
New Orleans,2/1/2013,142357.4286,NA,159.7711765,287.7935294,5.534117647
New Orleans,3/1/2013,142440.9286,NA,159.7711765,287.7935294,5.534117647
New Orleans,4/1/2013,142268.9286,NA,159.7711765,287.7935294,5.534117647
New Orleans,5/1/2013,142307.6429,NA,159.7711765,287.7935294,5.534117647
New Orleans,6/1/2013,142289,NA,159.7711765,287.7935294,5.534117647
New Orleans,7/1/2013,142267.3571,NA,159.7711765,287.7935294,5.534117647
New Orleans,8/1/2013,142213.4286,NA,159.7711765,287.7935294,5.534117647
New Orleans,9/1/2013,142375.2857,NA,159.7711765,287.7935294,5.534117647
New Orleans,10/1/2013,142648.6429,NA,159.7711765,287.7935294,5.534117647
New Orleans,11/1/2013,142801.7857,NA,159.7711765,287.7935294,5.534117647
New Orleans,12/1/2013,142998.9286,NA,159.7711765,287.7935294,5.534117647
New Orleans,1/1/2014,143221.6429,NA,169.8088235,305.1152941,5.481764706
New Orleans,2/1/2014,143254.4286,NA,169.8088235,305.1152941,5.481764706
New Orleans,3/1/2014,143133.7857,NA,169.8088235,305.1152941,5.481764706
New Orleans,4/1/2014,143092.2857,NA,169.8088235,305.1152941,5.481764706
New Orleans,5/1/2014,143088.9286,NA,169.8088235,305.1152941,5.481764706
New Orleans,6/1/2014,143219.1429,NA,169.8088235,305.1152941,5.481764706
New Orleans,7/1/2014,143524.2143,NA,169.8088235,305.1152941,5.481764706
New Orleans,8/1/2014,143864.7143,NA,169.8088235,305.1152941,5.481764706
New Orleans,9/1/2014,144226.7143,NA,169.8088235,305.1152941,5.481764706
New Orleans,10/1/2014,144448.7143,NA,169.8088235,305.1152941,5.481764706
New Orleans,11/1/2014,144953.2857,NA,169.8088235,305.1152941,5.481764706
New Orleans,12/1/2014,145500.9286,NA,169.8088235,305.1152941,5.481764706
New Orleans,1/1/2015,146091.2857,NA,180.1111765,324.5958824,5.584117647
New Orleans,2/1/2015,146961.7857,NA,180.1111765,324.5958824,5.584117647
New Orleans,3/1/2015,147783,NA,180.1111765,324.5958824,5.584117647
New Orleans,4/1/2015,148569.5714,NA,180.1111765,324.5958824,5.584117647
New Orleans,5/1/2015,149164.2857,NA,180.1111765,324.5958824,5.584117647
New Orleans,6/1/2015,149737.8571,NA,180.1111765,324.5958824,5.584117647
New Orleans,7/1/2015,150469.9286,NA,180.1111765,324.5958824,5.584117647
New Orleans,8/1/2015,151143.9286,NA,180.1111765,324.5958824,5.584117647
New Orleans,9/1/2015,151816.7857,NA,180.1111765,324.5958824,5.584117647
New Orleans,10/1/2015,152390.2857,NA,180.1111765,324.5958824,5.584117647
New Orleans,11/1/2015,152791.9286,NA,180.1111765,324.5958824,5.584117647
New Orleans,12/1/2015,153230.2143,NA,180.1111765,324.5958824,5.584117647
New Orleans,1/1/2016,153564.2143,NA,189.3923529,341.57,4.520588235
New Orleans,2/1/2016,153879,NA,189.3923529,341.57,4.520588235
New Orleans,3/1/2016,154221.7857,NA,189.3923529,341.57,4.520588235
New Orleans,4/1/2016,154657.9286,NA,189.3923529,341.57,4.520588235
New Orleans,5/1/2016,155255.8571,NA,189.3923529,341.57,4.520588235
New Orleans,6/1/2016,155859.8571,NA,189.3923529,341.57,4.520588235
New Orleans,7/1/2016,156200.9286,NA,189.3923529,341.57,4.520588235
New Orleans,8/1/2016,156666.2143,NA,189.3923529,341.57,4.520588235
New Orleans,9/1/2016,157174.2857,NA,189.3923529,341.57,4.520588235
New Orleans,10/1/2016,157824.7857,NA,189.3923529,341.57,4.520588235
New Orleans,11/1/2016,158464.5,NA,189.3923529,341.57,4.520588235
New Orleans,12/1/2016,158910.7857,NA,189.3923529,341.57,4.520588235
New Orleans,1/1/2017,159403.6429,NA,197.5170588,355.6847059,4.550588235
New Orleans,2/1/2017,160011.5,NA,197.5170588,355.6847059,4.550588235
New Orleans,3/1/2017,160834.2857,NA,197.5170588,355.6847059,4.550588235
New Orleans,4/1/2017,161600.4286,NA,197.5170588,355.6847059,4.550588235
New Orleans,5/1/2017,162018,NA,197.5170588,355.6847059,4.550588235
New Orleans,6/1/2017,162393.5,NA,197.5170588,355.6847059,4.550588235
New Orleans,7/1/2017,162809.7857,NA,197.5170588,355.6847059,4.550588235
New Orleans,8/1/2017,163302.6429,NA,197.5170588,355.6847059,4.550588235
New Orleans,9/1/2017,163781,NA,197.5170588,355.6847059,4.550588235
New Orleans,10/1/2017,164300.3571,NA,197.5170588,355.6847059,4.550588235
New Orleans,11/1/2017,164797.4286,NA,197.5170588,355.6847059,4.550588235
New Orleans,12/1/2017,165348.2143,NA,197.5170588,355.6847059,4.550588235
New Orleans,1/1/2018,166155.2143,NA,201.1464706,362.3847059,1.888235294
New Orleans,2/1/2018,166823.9286,NA,201.1464706,362.3847059,1.888235294
New Orleans,3/1/2018,167422.7143,NA,201.1464706,362.3847059,1.888235294
New Orleans,4/1/2018,167880.6429,NA,201.1464706,362.3847059,1.888235294
New Orleans,5/1/2018,168727.6429,NA,201.1464706,362.3847059,1.888235294
New Orleans,6/1/2018,169572.6429,NA,201.1464706,362.3847059,1.888235294
New Orleans,7/1/2018,170288.0714,NA,201.1464706,362.3847059,1.888235294
New Orleans,8/1/2018,170765.7857,NA,201.1464706,362.3847059,1.888235294
New Orleans,9/1/2018,171200.5714,NA,201.1464706,362.3847059,1.888235294
New Orleans,10/1/2018,171694.4286,NA,201.1464706,362.3847059,1.888235294
New Orleans,11/1/2018,172233.8571,NA,201.1464706,362.3847059,1.888235294
New Orleans,12/1/2018,172868.3571,NA,201.1464706,362.3847059,1.888235294
New Orleans,1/1/2019,173425.4286,NA,208.9605882,376.1841176,4.270588235
New Orleans,2/1/2019,174043.1429,NA,208.9605882,376.1841176,4.270588235
New Orleans,3/1/2019,174571.8571,NA,208.9605882,376.1841176,4.270588235
New Orleans,4/1/2019,175246.6429,NA,208.9605882,376.1841176,4.270588235
New Orleans,5/1/2019,175690.8571,NA,208.9605882,376.1841176,4.270588235
New Orleans,6/1/2019,176107.5714,NA,208.9605882,376.1841176,4.270588235
New Orleans,7/1/2019,176407.5714,NA,208.9605882,376.1841176,4.270588235
New Orleans,8/1/2019,176874.7143,NA,208.9605882,376.1841176,4.270588235
New Orleans,9/1/2019,177376.6429,NA,208.9605882,376.1841176,4.270588235
New Orleans,10/1/2019,177886.7143,NA,208.9605882,376.1841176,4.270588235
New Orleans,11/1/2019,178387.5,NA,208.9605882,376.1841176,4.270588235
New Orleans,12/1/2019,178836.7143,NA,208.9605882,376.1841176,4.270588235
New Orleans,1/1/2020,179224.2857,NA,217.11,390.4652941,4.195294118
New Orleans,2/1/2020,179626.9286,NA,217.11,390.4652941,4.195294118
New Orleans,3/1/2020,180102,NA,217.11,390.4652941,4.195294118
New Orleans,4/1/2020,180563.9286,NA,217.11,390.4652941,4.195294118
New Orleans,5/1/2020,181089.5714,NA,217.11,390.4652941,4.195294118
New Orleans,6/1/2020,180879.9286,NA,217.11,390.4652941,4.195294118
New Orleans,7/1/2020,180158.1429,NA,217.11,390.4652941,4.195294118
New Orleans,8/1/2020,167210.1429,NA,217.11,390.4652941,4.195294118
New Orleans,9/1/2020,167344.6429,NA,217.11,390.4652941,4.195294118
New Orleans,10/1/2020,182351.8571,NA,217.11,390.4652941,4.195294118
New Orleans,11/1/2020,182716.4286,NA,217.11,390.4652941,4.195294118
New Orleans,12/1/2020,184271.1429,NA,217.11,390.4652941,4.195294118
New Orleans,1/1/2021,184085.7143,NA,232.15,399.445,6.952941176
New Orleans,2/1/2021,186370.2857,NA,232.15,399.445,6.952941176
New Orleans,3/1/2021,185183.8,NA,232.15,399.445,6.952941176
New Orleans,4/1/2021,187652.8,NA,232.15,399.445,6.952941176
New Orleans,5/1/2021,190428.6667,NA,232.15,399.445,6.952941176
New Orleans,6/1/2021,196334.9333,NA,232.15,399.445,6.952941176
New Orleans,7/1/2021,198960.6,NA,232.15,399.445,6.952941176
New Orleans,8/1/2021,201794.5333,NA,232.15,399.445,6.952941176
New Orleans,9/1/2021,213096.4,NA,232.15,399.445,6.952941176
New Orleans,10/1/2021,216823.4667,NA,232.15,399.445,6.952941176
New Orleans,11/1/2021,219942.3333,NA,232.15,399.445,6.952941176
New Orleans,12/1/2021,222771.6,NA,232.15,399.445,6.952941176
